cliente_id,cnpj,razao_social,segmento,cidade,uf,bairro,data_cadastro,ativo
1, 17810801326773 ,Casa das Peças Nobre LTDA ME,Concessionária,Curitiba,PR,Aldeota,2022-06-03,S
2,87234309805009,Mecânica Fênix LTDA,Concessionária,Manaus,AM,Moema,2021-12-30,S
3,36193990916998,Retífica Bosch Car ME,Funilaria e pintura,Campinas,SP,Batel,2022-11-24,S
4,75107991183842,Auto Elétrica Guará ME,Funilaria e pintura,Porto Alegre,RS,Higienópolis,2022-09-18,S
5, 80841241182449 ,AUTO PEÇAS PISTA EIRELI,Funilaria e pintura,Goiânia,GO,Asa Sul,2023-06-28,S
6,16400524278680,Auto Parts Max S/A,Autopeças independente,São Paulo,SP,Batel,2025-01-31,N
7,05331586923226,Peças e Serviços Paulista EIRELI,Rede de autopeças,Salvador,BA,Savassi,2025-08-07,S
8,73375433036541,Loja Diamante EIRELI,Rede de autopeças,São Paulo,SP,Savassi,2023-02-08,S
9,29401965569816,Distribuidora Bosch Car S/A,Rede de autopeças,Porto Alegre,RS,Meireles,16/10/2024,S
10,59514846564823,Loja do Sul S/A,Rede de autopeças,Rio de Janeiro,RJ,Pinheiros,24/04/2022,S
11,44369957773872,Auto Peças União EIRELI,Oficina mecânica,São Paulo,SP,Meireles,2024-03-12,S
12, 37917693676320 ,LOJA PAULISTA LTDA ME,Funilaria e pintura,São Paulo,SP,Barra,2024-01-27,S
13,72.788.957/9868-72,Casa das Peças Paulista S/A,Funilaria e pintura,Rio de Janeiro,RJ,Barra,2022-01-03,S
14,43455812236231,Rede Speed ME,Auto center,Rio de Janeiro,RJ,Pinheiros,2022-05-06,S
15,09.670.546/6889-37,Auto Center Bosch Car EIRELI,Auto center,Goiânia,GO,Pinheiros,2023-06-10,S
16,29.806.990/1627-20,Retífica Anhanguera EIRELI,Funilaria e pintura,Fortaleza,CE,Pinheiros,2023-03-19,S
17,41.708.053/1003-30,Comércio de Peças Prime LTDA ME,Retífica de motores,Recife,PE,Ipanema,2025-12-29,S
18,12.419.049/6631-93,Importadora Aurora LTDA,E-commerce de peças,Goiânia,GO,Jardins,2024-02-06,S
19,51.850.671/6572-62,Auto Peças Pista LTDA ME,E-commerce de peças,Recife,PE,Asa Sul,2021-09-29,S
20,14737996507527,Auto Center Speed S/A,E-commerce de peças,Curitiba,PR,Asa Sul,2023-06-25,S
21,31.367.837/7701-43,Distribuidora Onix EIRELI,E-commerce de peças,Brasília,DF,Bela Vista,2022-05-27,S
22,85.574.443/1351-82,Casa das Peças Bosch Car S/A,E-commerce de peças,Manaus,AM,Savassi,2026-01-09,S
23,35240824008427,Auto Center Rota LTDA ME,E-commerce de peças,Porto Alegre,RS,Jardins,2024-02-04,S
24, 11671902294131 ,Auto Center Titan LTDA ME,Funilaria e pintura,Fortaleza,CE,Setor Bueno,2021-07-17,S
25,49909133412328,Casa das Peças Fortaleza LTDA ME,Auto center,Recife,PE,Barra,2025-10-24,S
26,71.349.361/8324-21,Centro Automotivo Rota LTDA ME,E-commerce de peças,Porto Alegre,RS,Pinheiros,2025-07-12,S
27, 87719065940139 ,Auto Peças Speed ME,E-commerce de peças,Brasília,DF,Aldeota,2024-07-21,S
28,96717565512567,Loja Econômica LTDA ME,Rede de autopeças,Belo Horizonte,MG,Asa Sul,2023-01-20,S
29,80.876.038/5977-03,AUTO CENTER IPÊ LTDA,E-commerce de peças,Recife,PE,Barra,2023-03-05,S
30,80.861.317/1274-84,Auto Center Ouro S/A,Auto center,Porto Alegre,RS,Meireles,2022-05-05,S
31,21465840449972,Comércio de Peças do Sul S/A,Oficina mecânica,Brasília,DF,Cambuí,2022-03-02,S
32,39636057662702,Comercial Veloz LTDA,Oficina mecânica,Manaus,AM,Aldeota,2021-11-08,N
33,62174596158657,Centro Automotivo Aurora ME,Funilaria e pintura,Belo Horizonte,MG,Vila Madalena,2024-11-10,S
34,17240050455623,Comércio de Peças Ipê LTDA,Concessionária,Campinas,SP,Pinheiros,2021-09-10,S
35,79.237.474/0748-21,Rede Prime EIRELI,E-commerce de peças,Curitiba,PR,Setor Bueno,2022-03-12,S
36,71.369.594/4064-09,Casa das Peças Cruzeiro S/A,Auto center,Recife,PE,Barra,2024-05-24,S
37,42104709521456,Peças e Serviços Líder EIRELI,Oficina mecânica,Goiânia,GO,Asa Sul,2026-03-07,S
38,45.171.236/8516-04,Mecânica Popular EIRELI,E-commerce de peças,Fortaleza,CE,Barra,2025-09-13,S
39,85931746120047,Importadora Diamante EIRELI,Concessionária,Goiânia,GO,Higienópolis,2026-03-05,S
40,26.179.640/5377-35,Peças e Serviços Bosch Car EIRELI,Oficina mecânica,Manaus,AM,Asa Sul,2024-02-11,S
41,71.390.053/2931-83,Rede Max LTDA,Oficina mecânica,Rio de Janeiro,RJ,Batel,2025-04-27,S
42,42102053950240,Casa das Peças Anhanguera LTDA ME,Retífica de motores,Brasília,DF,Ipanema,2023-12-17,S
43, 78390847007661 ,Mecânica União EIRELI,Auto center,Rio de Janeiro,RJ,Moema,2021-12-02,S
44,98.569.847/8961-18,Mecânica Turbo LTDA ME,Funilaria e pintura,Goiânia,GO,Savassi,2023-06-19,S
45,45271111615280,Auto Center Rodovia LTDA ME,Retífica de motores,Salvador,BA,Jardins,2021-07-09,S
46,45198327315851,Casa das Peças do Sul S/A,Rede de autopeças,Goiânia,GO,Higienópolis,2023-02-09,N
47,40.244.550/2296-12,Casa das Peças Ultra LTDA ME,Funilaria e pintura,Campinas,SP,Ipanema,2026-02-26,S
48,99.102.290/1476-79,Centro Automotivo Paulista EIRELI,Funilaria e pintura,Salvador,BA,Setor Bueno,2022-03-11,S
49,78.403.690/0343-24,Casa das Peças do Sul ME,Autopeças independente,Goiânia,GO,Higienópolis,2023-01-18,S
50, 85160607159696 ,Peças e Serviços Roda Livre ME,Rede de autopeças,Brasília,DF,Aldeota,2022-04-30,S
51,16.136.968/1645-35,Importadora Vitória ME,Retífica de motores,Salvador,BA,Ipanema,2026-06-11,S
52,23.124.329/2127-79,Auto Peças Paulista ME,Oficina mecânica,Campinas,SP,Pituba,2021-06-03,S
53,49.058.147/7005-41,Centro Automotivo Brasil S/A,Rede de autopeças,Porto Alegre,RS,Jardins,01/03/2024,S
54,35.978.207/1518-20,Retífica Ultra S/A,Auto center,Goiânia,GO,Ipanema,2023-04-13,S
55,65.905.151/8644-92,Mecânica Master LTDA ME,Oficina mecânica,Recife,PE,Moema,2025-01-23,S
56,52816850542357,Mecânica Estrada LTDA,Concessionária,Recife,PE,Higienópolis,2025-01-19,S
57,05929622292706,Importadora Ouro EIRELI,Funilaria e pintura,Brasília,DF,Aldeota,2022-08-17,S
58,47359774688623,Centro Automotivo Veloz EIRELI,Autopeças independente,Curitiba,PR,Savassi,2023-11-23,S
59,14124782613750,Centro Automotivo Estrada LTDA,Oficina mecânica,Brasília,DF,Centro,2026-01-28,S
60,52204727790104,Distribuidora Guará ME,Rede de autopeças,Rio de Janeiro,RJ,Jardins,18/06/2023,S
61,97117980893246,Distribuidora Guará ME,Funilaria e pintura,Campinas,SP,Moema,2024-08-29,S
62,18888806706540,Auto Parts Bandeirante LTDA,Oficina mecânica,Salvador,BA,Cambuí,2022-09-01,S
63,85.277.221/7043-03,Importadora Fortaleza S/A,E-commerce de peças,Salvador,BA,Jardins,2024-06-08,S
64,45054156676527,Mecânica Bandeirante LTDA,E-commerce de peças,Curitiba,PR,Boa Viagem,2021-11-18,S
65,11544796275705,Distribuidora Nova Era LTDA ME,Autopeças independente,Salvador,BA,Boa Viagem,2022-03-26,S
66,97021355690927,Comércio de Peças Pista S/A,Retífica de motores,Belo Horizonte,MG,Cambuí,2022-08-04,S
67,10.278.681/4473-94,Auto Elétrica Apex LTDA ME,Retífica de motores,Curitiba,PR,Cambuí,2025-01-17,S
68, 18844225831323 ,Auto Elétrica do Sul ME,Oficina mecânica,Manaus,AM,Moema,2026-03-22,N
69,78669125177852,Mecânica Rodovia S/A,Concessionária,Recife,PE,Jardins,2021-07-30,S
70,24225358414384,Loja Speed ME,Retífica de motores,Brasília,DF,Batel,2023-12-20,S
71,95900109439690,Comercial Nobre LTDA ME,E-commerce de peças,Goiânia,GO,Pinheiros,17/11/2021,S
72, 02767735925556 ,Mecânica Aurora LTDA ME,Retífica de motores,Rio de Janeiro,RJ,Aldeota,2023-12-09,S
73,04.696.325/9532-78,Importadora Master LTDA,E-commerce de peças,Rio de Janeiro,RJ,Bela Vista,2022-01-19,S
74,39500479748016,Comercial Titan LTDA,Oficina mecânica,Curitiba,PR,Higienópolis,2023-12-02,S
75,41.687.849/9121-65,Retífica Bosch Car S/A,Oficina mecânica,Brasília,DF,Bela Vista,2022-10-08,N
76,25787298259526,Auto Center Ipê EIRELI,Auto center,São Paulo,SP,Centro,29/12/2022,S
77,16.940.974/9930-97,Mecânica Turbo LTDA,Rede de autopeças,Campinas,SP,Savassi,18/09/2023,S
78,56.263.689/7028-38,Centro Automotivo Vitória EIRELI,Auto center,Fortaleza,CE,Aldeota,2022-11-06,S
79,85497334843443,Auto Parts Apex EIRELI,Oficina mecânica,Salvador,BA,Higienópolis,2021-12-05,S
80,52.404.157/4733-84,Comercial Onix S/A,Concessionária,Recife,PE,Jardins,2021-07-08,S
81,33016571208267,Peças e Serviços Líder LTDA,E-commerce de peças,Brasília,DF,Moema,2021-12-29,S
82,80262067240049,Retífica Apex S/A,Oficina mecânica,Curitiba,PR,Batel,2024-01-26,S
83,43152742054932,Centro Automotivo Turbo LTDA,Oficina mecânica,Fortaleza,CE,Batel,2022-05-25,S
84,04.637.454/9904-53,Comércio de Peças Bosch Car LTDA ME,Auto center,Curitiba,PR,Setor Bueno,2024-04-27,S
85,45.933.272/7956-87,Importadora Roda Livre LTDA,Funilaria e pintura,Campinas,SP,Bela Vista,2021-08-28,S
86,91088398225871,Auto Peças Onix LTDA ME,Auto center,Rio de Janeiro,RJ,Aldeota,2023-07-09,S
87,79087406403910,Retífica Ultra LTDA,Retífica de motores,Recife,PE,Pituba,2022-04-18,N
88, 22656766182512 ,Casa das Peças Brasil LTDA,Concessionária,Recife,PE,Setor Bueno,2021-08-28,S
89,86863375243106,Distribuidora Potência LTDA ME,Retífica de motores,Manaus,AM,Jardins,2024-11-08,S
90,67383028439599,Auto Parts Ouro EIRELI,Funilaria e pintura,São Paulo,SP,Boa Viagem,2025-01-25,S
91,87056856624628,Auto Center Anhanguera LTDA ME,E-commerce de peças,Recife,PE,Higienópolis,2025-04-19,S
92,88.263.435/1751-83,Loja Speed S/A,Autopeças independente,Recife,PE,Higienópolis,2024-05-19,S
93,54.033.173/9363-85,Casa das Peças Ultra EIRELI,Oficina mecânica,Curitiba,PR,Pituba,31/01/2023,S
94,75355609320489,Comércio de Peças Master EIRELI,E-commerce de peças,Manaus,AM,Barra,2021-06-03,S
95,54.777.252/2872-80,Auto Center Paulista ME,Autopeças independente,Campinas,SP,Barra,2024-11-16,N
96, 03875099770088 ,Comercial Garra LTDA,E-commerce de peças,Belo Horizonte,MG,Vila Madalena,25/02/2026,S
97,11823398454615,Auto Peças Potência EIRELI,Funilaria e pintura,Belo Horizonte,MG,Moema,2022-05-24,S
98,01666870021765,Comércio de Peças Brasil ME,Retífica de motores,Campinas,SP,Pituba,2021-07-01,S
99,48.902.503/9261-42,Distribuidora Bosch Car LTDA,Oficina mecânica,Rio de Janeiro,RJ,Ipanema,2025-10-04,N
100,31599965047735,Loja Nobre LTDA ME,Rede de autopeças,Recife,PE,Setor Bueno,2021-07-27,S
101,11.426.265/5110-47,Rede Guará ME,Retífica de motores,Manaus,AM,Higienópolis,2022-08-26,S
102,10.158.199/5604-66,Comércio de Peças Ultra ME,Funilaria e pintura,Recife,PE,Boa Viagem,2024-03-12,S
103,47.212.646/4715-43,Comércio de Peças Econômica ME,Funilaria e pintura,Porto Alegre,RS,Pinheiros,2021-11-21,S
104,65.756.924/5937-52,Auto Peças Master LTDA ME,E-commerce de peças,Goiânia,GO,Barra,2022-06-09,S
105,65.193.982/8073-74,Centro Automotivo União ME,Rede de autopeças,Porto Alegre,RS,Barra,2024-04-13,S
106,66179796886805,Rede Líder EIRELI,Retífica de motores,Belo Horizonte,MG,Jardins,29/08/2021,S
107,65610143888993,Loja Guará S/A,Auto center,Campinas,SP,Centro,2022-03-04,S
108,61.125.457/3875-71,Peças e Serviços Rota EIRELI,Auto center,Porto Alegre,RS,Savassi,2022-03-19,N
109,12382825867362,Auto Center Speed S/A,Rede de autopeças,Salvador,BA,Aldeota,2023-08-17,S
110,03.341.918/2553-71,CENTRO AUTOMOTIVO FÊNIX EIRELI,Auto center,Recife,PE,Pinheiros,2023-03-14,S
111,57.924.991/2513-41,Mecânica Líder LTDA ME,Concessionária,Salvador,BA,Pinheiros,2023-08-24,S
112,82827422579050,Casa das Peças Econômica LTDA ME,Auto center,Fortaleza,CE,Aldeota,29/09/2025,S
113,90.340.438/4279-78,Auto Peças Nacional S/A,E-commerce de peças,Rio de Janeiro,RJ,Jardins,2024-12-26,S
114,83.613.407/4517-13,Peças e Serviços Diamante LTDA ME,Oficina mecânica,Fortaleza,CE,Batel,2023-06-30,S
115,09584982544948,Auto Elétrica Aurora ME,Autopeças independente,Curitiba,PR,Batel,2025-10-27,S
116,53672946671168,Auto Elétrica Bosch Car EIRELI,Oficina mecânica,Manaus,AM,Moema,2023-02-10,S
117,51863637454589,Rede Real LTDA,Auto center,Fortaleza,CE,Aldeota,2023-12-09,N
118,77.063.242/4154-15,Auto Parts Onix LTDA ME,E-commerce de peças,Belo Horizonte,MG,Savassi,2026-06-03,N
119,12.938.700/5162-71,Auto Parts Popular EIRELI,Retífica de motores,Fortaleza,CE,Batel,2023-05-22,S
120, 21890927532697 ,Auto Center Pista LTDA ME,Concessionária,Belo Horizonte,MG,Vila Madalena,2024-12-12,S
121,34138999404389,Casa das Peças Ultra ME,E-commerce de peças,Belo Horizonte,MG,Savassi,2025-10-07,S
122,91805526965827,Auto Elétrica Real LTDA,Autopeças independente,Campinas,SP,Pinheiros,09/11/2024,S
123,86661889241418,Comercial Speed LTDA ME,Concessionária,Campinas,SP,Moema,2023-07-13,S
124,30.316.179/9042-10,Auto Peças Prime S/A,Concessionária,Recife,PE,Asa Sul,2023-11-25,S
125,41056481491778,Auto Parts União EIRELI,Concessionária,Belo Horizonte,MG,Savassi,2026-04-04,S
126,00030756220863,Auto Peças Econômica EIRELI,E-commerce de peças,Brasília,DF,Jardins,2025-07-25,S
127,06.174.451/8705-34,Casa das Peças Max S/A,Funilaria e pintura,Brasília,DF,Meireles,2021-07-05,S
128, 32060385050641 ,Mecânica Roda Livre LTDA,Funilaria e pintura,Brasília,DF,Batel,2023-07-09,S
129,03865719182619,Loja Brasil EIRELI,Funilaria e pintura,Rio de Janeiro,RJ,Pinheiros,2025-01-12,S
130,55.743.132/9121-27,Auto Center Veloz ME,Retífica de motores,Manaus,AM,Aldeota,2022-01-21,S
131,12.490.352/1356-80,AUTO CENTER MASTER LTDA ME,Concessionária,Rio de Janeiro,RJ,Higienópolis,2022-12-29,S
132,12100323651994,Loja Titan ME,Funilaria e pintura,Fortaleza,CE,Cambuí,2024-11-06,S
133,02966706625324,Retífica Brasil S/A,Concessionária,Fortaleza,CE,Setor Bueno,2023-02-06,S
134, 70146263838065 ,Distribuidora Diamante S/A,Auto center,Brasília,DF,Asa Sul,2021-12-24,S
135,93040785932133,Loja Ipê LTDA ME,Autopeças independente,Salvador,BA,Boa Viagem,2023-03-06,S
136,55.905.992/9378-42,Distribuidora Veloz LTDA,Funilaria e pintura,Goiânia,GO,Centro,2024-10-28,S
137,32525002921851,Retífica Diamante EIRELI,Rede de autopeças,Goiânia,GO,Batel,2022-07-29,S
138,67.528.953/9264-42,Auto Peças Paulista ME,Rede de autopeças,Manaus,AM,Barra,2023-09-04,S
139,72.513.552/1570-43,Importadora Rodovia LTDA,Oficina mecânica,Rio de Janeiro,RJ,Aldeota,2023-04-09,S
140,67.658.617/9327-10,Distribuidora União ME,Retífica de motores,Belo Horizonte,MG,Boa Viagem,2025-05-26,S
141,15.997.062/9620-15,Importadora Apex S/A,Rede de autopeças,Brasília,DF,Setor Bueno,2023-07-09,S
142,06987205061497,Casa das Peças Brasil LTDA,Concessionária,Rio de Janeiro,RJ,Savassi,2025-03-31,S
143,77418625652704,PEÇAS E SERVIÇOS MASTER LTDA,Funilaria e pintura,Recife,PE,Savassi,2022-03-16,S
144,86.938.068/6879-37,Comercial Econômica ME,Concessionária,Salvador,BA,Boa Viagem,2024-10-06,S
145,20616329451168,Comércio de Peças Bosch Car LTDA,E-commerce de peças,Curitiba,PR,Bela Vista,2022-06-11,S
146,62.299.911/9148-56,Centro Automotivo Cruzeiro LTDA ME,Auto center,Rio de Janeiro,RJ,Asa Sul,2023-03-11,S
147,96.065.307/4505-44,Comércio de Peças Onix EIRELI,Retífica de motores,Goiânia,GO,Aldeota,2023-02-05,S
148,46913736785082,Casa das Peças Nobre S/A,Rede de autopeças,Salvador,BA,Meireles,2024-04-20,S
149,03.070.534/5786-10,Auto Elétrica Bandeirante S/A,Auto center,Curitiba,PR,Ipanema,2023-04-25,S
150,14060293333468,Auto Elétrica Speed ME,Autopeças independente,Porto Alegre,RS,Centro,2024-07-22,S
151,44.665.743/7489-69,Retífica Turbo LTDA ME,E-commerce de peças,Goiânia,GO,Asa Sul,2025-09-19,S
152, 44328309652074 ,Casa das Peças do Sul S/A,Rede de autopeças,Porto Alegre,RS,Meireles,2023-03-20,S
153,38.758.428/2417-24,Importadora Rota LTDA,Concessionária,Manaus,AM,Barra,2021-07-15,S
154,65.549.471/7099-91,Importadora Bandeirante S/A,Retífica de motores,Porto Alegre,RS,Jardins,2022-01-08,S
155,23.569.725/2175-25,Centro Automotivo Marajó ME,Funilaria e pintura,Belo Horizonte,MG,Moema,2025-06-08,S
156,66676008350583,Peças e Serviços Veloz EIRELI,Funilaria e pintura,Recife,PE,Pinheiros,2024-07-27,S
157,21044789856257,Centro Automotivo Bosch Car ME,Concessionária,Porto Alegre,RS,Batel,2022-08-28,S
158,98.215.064/8909-01,Casa das Peças Marajó LTDA,Rede de autopeças,São Paulo,SP,Pituba,2024-12-28,S
159,04618499261891,Rede Rota ME,Auto center,Curitiba,PR,Bela Vista,2024-12-18,S
160,64208737530011,Loja Nobre LTDA,Concessionária,Salvador,BA,Savassi,2021-06-14,S
161,37.447.012/0455-61,Mecânica Turbo ME,Autopeças independente,Campinas,SP,Aldeota,20/02/2024,S
162, 15521667467621 ,Auto Parts Fênix LTDA ME,Autopeças independente,Porto Alegre,RS,Pituba,2023-12-05,S
163,72965902771670,Comércio de Peças Ultra S/A,Oficina mecânica,Campinas,SP,Barra,2024-04-25,S
164,58.891.637/5628-90,AUTO PEÇAS APEX LTDA ME,Concessionária,Campinas,SP,Moema,2024-08-09,S
165,35.408.386/6317-79,Loja Marajó LTDA ME,Auto center,Salvador,BA,Centro,2026-01-24,S
166,08801994883755,REDE GUARÁ S/A,Auto center,Recife,PE,Ipanema,2024-05-13,S
167,13.055.488/5102-72,Comercial Cruzeiro LTDA ME,Funilaria e pintura,Rio de Janeiro,RJ,Meireles,2026-05-19,S
168, 60917798270808 ,Importadora Popular S/A,Auto center,Rio de Janeiro,RJ,Batel,2022-03-30,S
169,99586693465472,Retífica Marajó EIRELI,E-commerce de peças,Campinas,SP,Higienópolis,2023-11-24,S
170,39452288515879,Auto Center Paulista EIRELI,Rede de autopeças,Curitiba,PR,Vila Madalena,2021-06-21,S
171,10620034244204,Casa das Peças Fortaleza LTDA,Autopeças independente,Brasília,DF,Higienópolis,2023-07-12,S
172,86384066658004,Comercial Fênix EIRELI,Auto center,Manaus,AM,Higienópolis,2023-07-14,S
173,34721228160648,Mecânica Diamante LTDA ME,E-commerce de peças,Curitiba,PR,Batel,2026-04-22,N
174,90.947.985/1583-28,Centro Automotivo Nova Era S/A,Concessionária,Salvador,BA,Ipanema,2024-04-15,S
175, 55543987801573 ,Distribuidora Speed LTDA ME,Oficina mecânica,Curitiba,PR,Setor Bueno,21/04/2023,N
176,58877043581128,Auto Parts Cruzeiro ME,Funilaria e pintura,Brasília,DF,Vila Madalena,2024-11-07,S
177,86.120.750/1102-48,Rede Líder LTDA ME,Funilaria e pintura,Curitiba,PR,Pinheiros,2024-04-10,S
178,61809190158144,Mecânica Econômica LTDA,Auto center,São Paulo,SP,Higienópolis,2024-03-08,S
179,68424508821009,RETÍFICA FÊNIX EIRELI,Retífica de motores,Manaus,AM,Bela Vista,17/06/2022,S
180, 39431290878141 ,Peças e Serviços Anhanguera ME,Auto center,Belo Horizonte,MG,Barra,2026-04-18,S
181,13577594929955,Comercial Real LTDA ME,Funilaria e pintura,Goiânia,GO,Ipanema,2025-07-18,S
182,57775478129142,Importadora do Sul LTDA,Retífica de motores,Manaus,AM,Centro,2026-06-04,S
183,69308488725639,Retífica Motor S/A,Retífica de motores,Goiânia,GO,Barra,2026-01-27,S
184,28272299275037,COMERCIAL PRIME S/A,Funilaria e pintura,Goiânia,GO,Ipanema,14/09/2025,S
185,00518449892665,Peças e Serviços Ouro LTDA ME,Rede de autopeças,Fortaleza,CE,Ipanema,2024-03-26,S
186,90827231843222,RETÍFICA ROTA LTDA ME,Retífica de motores,Fortaleza,CE,Savassi,2022-08-22,S
187,73.926.030/2992-28,Auto Peças Ouro EIRELI,Concessionária,Fortaleza,CE,Bela Vista,2024-06-13,S
188,90413797723692,Comercial Vitória EIRELI,Concessionária,Goiânia,GO,Cambuí,2021-05-27,S
189,91366210388629,Loja Diamante LTDA,Autopeças independente,Goiânia,GO,Batel,2026-05-23,S
190,06.865.086/3765-99,Loja Potência LTDA,E-commerce de peças,Brasília,DF,Higienópolis,2024-02-14,S
191,00.981.806/3565-12,Distribuidora Aurora LTDA ME,E-commerce de peças,Curitiba,PR,Asa Sul,2022-04-13,S
192,36887258874495,Rede Roda Livre LTDA ME,Retífica de motores,Recife,PE,Boa Viagem,2022-06-09,S
193,65.890.260/1279-61,Retífica Estrada LTDA,Oficina mecânica,Brasília,DF,Pinheiros,2024-04-23,S
194,49.027.703/8430-98,Auto Parts do Sul EIRELI,Concessionária,Brasília,DF,Centro,2021-10-11,S
195,46.566.938/0118-48,Auto Elétrica Titan ME,E-commerce de peças,Rio de Janeiro,RJ,Pinheiros,2021-05-27,S
196,26818184518489,Auto Center Anhanguera ME,Rede de autopeças,Porto Alegre,RS,Aldeota,2023-04-08,S
197,07141633565880,COMERCIAL VITÓRIA LTDA,Rede de autopeças,Goiânia,GO,Boa Viagem,2024-12-05,S
198,39423733343333,Distribuidora Econômica S/A,Retífica de motores,Salvador,BA,Higienópolis,2024-12-19,S
199,59579472846392,Centro Automotivo Turbo LTDA,Rede de autopeças,Fortaleza,CE,Pinheiros,2024-05-14,S
200,71875003691559,Rede Ouro S/A,Funilaria e pintura,Belo Horizonte,MG,Boa Viagem,28/05/2025,S
201,65564729293143,Comércio de Peças Guará ME,Rede de autopeças,Curitiba,PR,Centro,2021-07-22,S
202,28.857.448/9061-20,CASA DAS PEÇAS FORTALEZA LTDA ME,Auto center,Fortaleza,CE,Asa Sul,2023-06-18,S
203,84.506.159/3998-24,Retífica Nacional LTDA,Auto center,Brasília,DF,Setor Bueno,2022-09-05,S
204,25699611253554,Mecânica Líder EIRELI,Rede de autopeças,Belo Horizonte,MG,Bela Vista,04/03/2023,S
205,22023413261117,Casa das Peças do Sul S/A,Retífica de motores,Recife,PE,Pinheiros,2025-10-12,S
206,47228200557784,Auto Peças Estrada LTDA ME,Concessionária,Curitiba,PR,Vila Madalena,2021-08-05,S
207,84578317456424,Distribuidora Líder S/A,Oficina mecânica,Campinas,SP,Pituba,2025-01-18,S
208,40649308536866,Comercial Garra EIRELI,Rede de autopeças,Fortaleza,CE,Barra,2026-06-24,S
209,44846312241797,Peças e Serviços Onix LTDA,Auto center,Goiânia,GO,Higienópolis,2023-02-22,N
210,44.270.312/0735-64,Rede Paulista EIRELI,Auto center,Rio de Janeiro,RJ,Batel,2021-11-16,N
211,18723460136730,Auto Parts Motor LTDA ME,Retífica de motores,Recife,PE,Setor Bueno,2023-07-22,S
212,08.814.743/5031-36,Casa das Peças Prime LTDA,Retífica de motores,Belo Horizonte,MG,Pituba,2025-06-10,S
213,51.327.195/0052-81,Auto Center Anhanguera EIRELI,Oficina mecânica,Belo Horizonte,MG,Aldeota,2023-12-19,S
214,65240778487392,Importadora Paulista S/A,Auto center,São Paulo,SP,Bela Vista,2021-08-15,S
215, 48570862095935 ,Retífica Titan LTDA ME,Rede de autopeças,Porto Alegre,RS,Batel,2024-04-25,S
216,65.118.102/2031-73,Comércio de Peças Nova Era S/A,Rede de autopeças,Salvador,BA,Asa Sul,20/06/2026,N
217,91.037.170/5865-09,Importadora Líder ME,Retífica de motores,Curitiba,PR,Savassi,2023-03-07,S
218,86.338.392/8861-95,Auto Parts Prime ME,Rede de autopeças,Curitiba,PR,Bela Vista,05/02/2022,S
219,89.755.855/6659-39,Loja Diamante LTDA ME,E-commerce de peças,Belo Horizonte,MG,Centro,2026-03-18,S
220,90.824.043/3504-88,Rede Vitória LTDA ME,Concessionária,Porto Alegre,RS,Batel,2021-07-20,S
221,33441969315727,Auto Parts Brasil EIRELI,Retífica de motores,Goiânia,GO,Pinheiros,2021-06-09,N
222,55661390604805,RETÍFICA FORTALEZA ME,Oficina mecânica,São Paulo,SP,Pinheiros,2021-08-23,S
223,98136462251790,Peças e Serviços Popular LTDA ME,Retífica de motores,Goiânia,GO,Batel,2021-08-06,S
224,83.769.389/8331-46,CASA DAS PEÇAS LÍDER LTDA ME,Retífica de motores,Fortaleza,CE,Meireles,2022-11-09,S
225,04259792703352,COMÉRCIO DE PEÇAS VELOZ EIRELI,Funilaria e pintura,Goiânia,GO,Savassi,2024-10-26,S
226,05383388487920,Loja Master LTDA,Autopeças independente,Fortaleza,CE,Asa Sul,2022-07-23,N
227,01645104636815,Retífica Paulista S/A,Retífica de motores,Campinas,SP,Higienópolis,2021-12-14,S
228,03845762055543,Comercial Paulista LTDA ME,Autopeças independente,São Paulo,SP,Centro,2021-11-10,S
229,32562168936392,REDE MARAJÓ ME,Oficina mecânica,Porto Alegre,RS,Batel,2022-04-12,S
230,32.482.629/2518-81,Auto Parts Nacional EIRELI,Concessionária,Campinas,SP,Vila Madalena,2023-08-21,S
231,74231220994999,Comércio de Peças Ipê EIRELI,Funilaria e pintura,Porto Alegre,RS,Pituba,2023-05-18,S
232,75267722330604,Retífica Econômica LTDA ME,Funilaria e pintura,Goiânia,GO,Pituba,2025-03-27,S
233,36609656999880,AUTO PARTS RODOVIA S/A,Autopeças independente,Fortaleza,CE,Jardins,2025-12-12,S
234,03.476.447/2649-08,Distribuidora Estrada LTDA,Auto center,Brasília,DF,Higienópolis,2023-11-15,S
235,57027937145211,LOJA NACIONAL LTDA ME,Oficina mecânica,Recife,PE,Bela Vista,2024-01-12,S
236,68602592222064,Comércio de Peças Guará ME,Auto center,Belo Horizonte,MG,Batel,2022-12-08,S
237, 94077780973397 ,Auto Peças Paulista LTDA,Retífica de motores,São Paulo,SP,Higienópolis,15/02/2022,S
238,83022050209945,LOJA LÍDER S/A,Concessionária,Campinas,SP,Higienópolis,2025-11-01,S
239,95014556168147,Retífica Speed S/A,Oficina mecânica,Fortaleza,CE,Meireles,09/06/2025,S
240,98.179.469/5489-95,Auto Peças Max LTDA ME,Auto center,Rio de Janeiro,RJ,Boa Viagem,2023-12-11,S
241,43010713966055,Peças e Serviços Garra ME,Funilaria e pintura,Curitiba,PR,Asa Sul,2021-07-12,S
242,48850155699023,Rede Bosch Car ME,Auto center,Porto Alegre,RS,Aldeota,2022-10-26,S
243,57608495880395,Loja do Sul LTDA ME,E-commerce de peças,Brasília,DF,Boa Viagem,2025-01-31,S
244,29145046173574,Auto Peças Cruzeiro LTDA,Concessionária,Recife,PE,Moema,2023-06-17,S
245,78235784521823,Comercial Cruzeiro LTDA,Retífica de motores,São Paulo,SP,Moema,19/06/2024,S
246,18.409.435/3344-85,Casa das Peças Rota EIRELI,E-commerce de peças,São Paulo,SP,Higienópolis,2022-03-13,S
247,85.854.249/3214-95,Casa das Peças Master LTDA,Concessionária,Curitiba,PR,Jardins,2021-08-21,S
248,29979545381792,Mecânica Marajó EIRELI,Auto center,Recife,PE,Aldeota,2024-02-24,S
249,29456255770171,Auto Parts do Sul S/A,Concessionária,Curitiba,PR,Bela Vista,2022-09-13,S
250,15.814.876/9639-38,Comércio de Peças Paulista ME,Rede de autopeças,Manaus,AM,Vila Madalena,12/10/2023,S
251,95832197199758,Rede Speed LTDA,Concessionária,Recife,PE,Pinheiros,2024-02-15,S
252,01.329.022/7846-99,Auto Elétrica Fênix LTDA ME,E-commerce de peças,Campinas,SP,Ipanema,2025-07-22,S
253,09.862.405/8008-51,Rede Titan LTDA ME,Funilaria e pintura,Goiânia,GO,Pinheiros,2023-02-02,S
254,83.272.386/5624-22,Comercial Brasil LTDA ME,Concessionária,Recife,PE,Batel,2024-09-17,S
255,67969278687653,Auto Peças Marajó ME,Autopeças independente,Campinas,SP,Asa Sul,2023-08-18,S
256,95009751971284,Casa das Peças Nova Era LTDA,Retífica de motores,Brasília,DF,Higienópolis,2022-01-23,S
257,90580778795654,Auto Elétrica Motor EIRELI,E-commerce de peças,Porto Alegre,RS,Pituba,2026-05-05,S
258,04.904.712/8144-29,Casa das Peças Master S/A,E-commerce de peças,Goiânia,GO,Batel,2023-02-04,S
259,24372805129276,Importadora Nobre EIRELI,Concessionária,Salvador,BA,Asa Sul,2025-11-25,S
260,02.767.478/3667-42,Casa das Peças Titan LTDA ME,Autopeças independente,Rio de Janeiro,RJ,Bela Vista,2021-09-11,S
261,18569454414967,AUTO ELÉTRICA CENTRAL ME,Funilaria e pintura,São Paulo,SP,Centro,2023-04-25,S
262,06.181.753/4430-09,Auto Parts Onix LTDA,Funilaria e pintura,Rio de Janeiro,RJ,Savassi,2026-05-02,S
263,26921244717465,Importadora Nacional LTDA ME,E-commerce de peças,Goiânia,GO,Jardins,15/11/2024,S
264,27.173.962/7128-63,Distribuidora Ipê LTDA,E-commerce de peças,Porto Alegre,RS,Asa Sul,2024-01-28,S
265,72006425690877,Comércio de Peças Econômica LTDA,Retífica de motores,São Paulo,SP,Pituba,23/03/2022,S
266,55.460.158/5174-32,Mecânica Diamante LTDA,Funilaria e pintura,Brasília,DF,Ipanema,2025-09-29,S
267,73203093761847,Rede Ultra EIRELI,Auto center,Campinas,SP,Jardins,2021-09-04,S
268,87.829.310/2707-90,Loja Estrada LTDA,Concessionária,Curitiba,PR,Savassi,2023-04-23,S
269,91.117.993/1365-65,Importadora Ouro LTDA,Concessionária,Belo Horizonte,MG,Cambuí,29/12/2023,N
270,26258273902196,Importadora Potência ME,Retífica de motores,Porto Alegre,RS,Setor Bueno,2026-01-12,S
271,23.248.763/2909-27,Loja Popular LTDA,E-commerce de peças,Fortaleza,CE,Meireles,2024-03-05,S
272,19588373403127,LOJA RODA LIVRE EIRELI,Autopeças independente,Brasília,DF,Asa Sul,15/10/2024,S
273,01.082.207/8113-79,Importadora Anhanguera ME,Funilaria e pintura,Fortaleza,CE,Cambuí,2021-06-02,S
274,63.631.797/0623-97,Casa das Peças Marajó EIRELI,Concessionária,Curitiba,PR,Meireles,2023-09-03,S
275,90421776253492,Auto Parts Popular S/A,Funilaria e pintura,São Paulo,SP,Meireles,2023-09-19,S
276,40.633.569/3929-06,Auto Parts Fênix LTDA ME,Autopeças independente,Fortaleza,CE,Savassi,2025-12-26,S
277,18063254310742,Casa das Peças Paulista ME,Autopeças independente,Curitiba,PR,Pinheiros,2022-02-04,S
278,70165804649893,AUTO ELÉTRICA IPÊ S/A,Oficina mecânica,Salvador,BA,Ipanema,2024-03-20,S
279,65790552818325,Auto Center Aurora ME,Auto center,Rio de Janeiro,RJ,Barra,2023-05-02,S
280,86401557788178,Auto Center Ipê LTDA,Auto center,Porto Alegre,RS,Aldeota,2021-09-06,S
281,24112412723804,Distribuidora Rodovia LTDA ME,Concessionária,Recife,PE,Centro,2022-05-02,S
282,03.856.955/7988-77,Importadora Potência ME,E-commerce de peças,Rio de Janeiro,RJ,Setor Bueno,2022-12-19,S
283, 25472928422223 ,Retífica Nobre EIRELI,Concessionária,São Paulo,SP,Higienópolis,2025-07-22,S
284, 55257828410672 ,LOJA MAX S/A,Concessionária,Campinas,SP,Setor Bueno,2022-02-06,S
285,92975170281406,Comércio de Peças Ultra S/A,Retífica de motores,Porto Alegre,RS,Bela Vista,2023-06-08,S
286,30.187.186/3759-98,Retífica Paulista LTDA ME,Oficina mecânica,Porto Alegre,RS,Ipanema,2024-05-10,N
287,54781376742662,Auto Parts Aurora LTDA,Auto center,Salvador,BA,Pinheiros,2025-07-08,S
288,46287923264870,REDE MOTOR LTDA ME,E-commerce de peças,Recife,PE,Centro,2022-12-23,S
289,71462730147195,Casa das Peças Brasil LTDA ME,Rede de autopeças,Porto Alegre,RS,Savassi,2021-05-30,S
290,90.429.025/7252-04,Casa das Peças Rodovia EIRELI,Oficina mecânica,Manaus,AM,Moema,24/08/2022,S
291,21.928.554/4518-95,AUTO ELÉTRICA CENTRAL LTDA ME,E-commerce de peças,Campinas,SP,Boa Viagem,2026-02-13,S
292,83.389.888/1671-12,Centro Automotivo Onix ME,E-commerce de peças,Belo Horizonte,MG,Bela Vista,2024-07-28,S
293,24013223423216,Centro Automotivo Veloz LTDA,Rede de autopeças,Salvador,BA,Bela Vista,2026-01-09,S
294, 14014011939325 ,COMERCIAL VELOZ S/A,Oficina mecânica,Fortaleza,CE,Barra,2025-06-12,S
295, 19083342801387 ,Auto Parts Rota ME,Concessionária,Rio de Janeiro,RJ,Pinheiros,2022-08-13,S
296,36151718275480,Retífica Anhanguera LTDA ME,Retífica de motores,Brasília,DF,Setor Bueno,2024-03-17,S
297,38.646.317/5207-16,PEÇAS E SERVIÇOS VELOZ LTDA ME,Retífica de motores,Fortaleza,CE,Savassi,19/03/2022,S
298, 15353961367499 ,Comercial Onix S/A,Rede de autopeças,Belo Horizonte,MG,Pituba,2023-02-20,S
299,71.147.732/0101-70,Auto Peças Ouro S/A,Oficina mecânica,Belo Horizonte,MG,Moema,2023-09-01,S
300,77347784858800,Peças e Serviços Onix EIRELI,Retífica de motores,Brasília,DF,Aldeota,04/04/2022,S
301,28.427.624/6719-78,Auto Elétrica Veloz S/A,Auto center,São Paulo,SP,Asa Sul,2021-08-24,S
302,95450090255905,Importadora Central LTDA,Oficina mecânica,Recife,PE,Barra,20/08/2025,S
303,91.141.520/8507-69,Centro Automotivo Max S/A,E-commerce de peças,Porto Alegre,RS,Cambuí,2021-10-13,S
304, 59171357852945 ,Comércio de Peças do Sul EIRELI,Retífica de motores,Recife,PE,Setor Bueno,13/06/2026,S
305,39191954198763,Rede Ultra LTDA ME,E-commerce de peças,Recife,PE,Cambuí,2022-09-21,S
306,49.878.208/2973-74,Auto Center Rodovia LTDA,Rede de autopeças,Recife,PE,Ipanema,2021-09-06,S
307,24.665.136/4424-93,Distribuidora Max EIRELI,Funilaria e pintura,Curitiba,PR,Higienópolis,2025-02-01,S
308,03242044820700,Centro Automotivo Anhanguera EIRELI,E-commerce de peças,Recife,PE,Moema,2024-03-14,S
309, 23198189847139 ,Casa das Peças Titan LTDA ME,Oficina mecânica,Manaus,AM,Barra,2023-12-26,S
310, 21234764907851 ,RETÍFICA AURORA EIRELI,Auto center,Curitiba,PR,Batel,2022-11-23,S
311,54090034864518,Loja Motor EIRELI,Rede de autopeças,Manaus,AM,Barra,2023-05-06,S
312,75604177656124,Centro Automotivo Potência LTDA,Oficina mecânica,Belo Horizonte,MG,Boa Viagem,2025-11-05,S
313, 20634591123829 ,Importadora Cruzeiro ME,Oficina mecânica,Campinas,SP,Cambuí,2022-05-15,S
314,16.526.693/0089-31,Auto Parts Turbo LTDA ME,Autopeças independente,Curitiba,PR,Batel,2025-02-20,S
315,29.108.677/1333-44,Distribuidora Bosch Car ME,Rede de autopeças,Salvador,BA,Setor Bueno,2021-11-24,S
316,62.620.443/9735-97,Comércio de Peças Nobre ME,Oficina mecânica,Curitiba,PR,Vila Madalena,2025-01-15,S
317,11800537599004,Casa das Peças Cruzeiro ME,E-commerce de peças,Porto Alegre,RS,Higienópolis,2021-11-03,N
318,42.875.721/5862-41,Casa das Peças Bandeirante LTDA ME,Auto center,Belo Horizonte,MG,Asa Sul,2025-01-09,S
319, 85625728703203 ,Auto Center Potência LTDA ME,Concessionária,Porto Alegre,RS,Pituba,25/05/2025,N
320,87.771.215/1342-28,Distribuidora Real S/A,Funilaria e pintura,Salvador,BA,Boa Viagem,2023-02-21,S
321, 37150416591520 ,Mecânica Garra EIRELI,Auto center,Rio de Janeiro,RJ,Centro,19/03/2024,S
322,97592304501896,Auto Peças Onix LTDA,Concessionária,São Paulo,SP,Meireles,2024-02-25,S
323,42147649251583,COMERCIAL APEX S/A,Rede de autopeças,Recife,PE,Moema,2021-12-04,S
324,92661085732788,Peças e Serviços Turbo EIRELI,Rede de autopeças,Salvador,BA,Batel,2024-03-14,S
325,38.649.081/0818-66,Loja Brasil S/A,E-commerce de peças,Porto Alegre,RS,Bela Vista,2024-02-21,N
326,72260164597794,Peças e Serviços Anhanguera LTDA,Concessionária,Manaus,AM,Asa Sul,2022-10-03,S
327, 68006102776974 ,Auto Peças Nova Era ME,Rede de autopeças,Rio de Janeiro,RJ,Meireles,2022-08-25,S
328,30372368314727,COMERCIAL CENTRAL LTDA ME,Concessionária,São Paulo,SP,Aldeota,2025-02-18,S
329,49.605.016/6799-84,Centro Automotivo Cruzeiro S/A,Auto center,Curitiba,PR,Pituba,2024-06-18,S
330,80695814671795,Distribuidora Real ME,Autopeças independente,São Paulo,SP,Aldeota,26/02/2022,S
331,95.972.466/5729-34,Auto Center Nova Era ME,Concessionária,Curitiba,PR,Savassi,2024-03-09,S
332,43380054522801,Retífica Estrada ME,Funilaria e pintura,Fortaleza,CE,Cambuí,2022-10-11,S
333,84.289.107/7119-91,Loja Econômica ME,Concessionária,São Paulo,SP,Boa Viagem,17/12/2024,S
334,78.712.552/1376-03,Loja Diamante EIRELI,Concessionária,Manaus,AM,Vila Madalena,05/01/2022,S
335,32863266678507,Retífica Fortaleza EIRELI,Retífica de motores,Campinas,SP,Boa Viagem,2023-11-08,S
336,02908466845504,RETÍFICA AURORA LTDA ME,Concessionária,Recife,PE,Higienópolis,2021-09-17,S
337, 75634108562884 ,Casa das Peças Pista ME,E-commerce de peças,Goiânia,GO,Higienópolis,2026-03-20,S
338,46810548510174,Auto Elétrica Motor S/A,Auto center,Curitiba,PR,Higienópolis,2021-06-17,S
339,54492683158935,Comercial Aurora LTDA,Rede de autopeças,Curitiba,PR,Batel,2025-11-10,S
340,15869886497677,Importadora Real LTDA ME,Concessionária,Fortaleza,CE,Batel,2022-05-02,S
341,81377028519611,Retífica Nobre LTDA,Autopeças independente,Brasília,DF,Ipanema,2022-08-07,S
342,02296044327018,Centro Automotivo Nacional EIRELI,Rede de autopeças,Fortaleza,CE,Cambuí,2024-10-16,S
343,92.287.772/5199-66,Auto Peças Rota LTDA ME,Oficina mecânica,Fortaleza,CE,Moema,2023-05-14,S
344,09.481.813/9890-98,Centro Automotivo Popular ME,Autopeças independente,Manaus,AM,Asa Sul,2023-08-11,S
345,97189569070562,Comercial Ouro LTDA,Oficina mecânica,Curitiba,PR,Savassi,2026-02-23,S
346,22.412.462/0952-00,Auto Elétrica Onix EIRELI,Oficina mecânica,Porto Alegre,RS,Savassi,2022-12-31,N
347,99378861405786,Loja Brasil LTDA,Rede de autopeças,Curitiba,PR,Savassi,2024-04-20,S
348,24967183258238,Retífica Brasil LTDA ME,Auto center,Brasília,DF,Setor Bueno,2022-04-18,S
349,00.749.465/3984-02,Auto Peças Ultra LTDA,E-commerce de peças,Belo Horizonte,MG,Higienópolis,2021-09-04,S
350,39855474355379,AUTO PARTS GARRA LTDA,Autopeças independente,Recife,PE,Boa Viagem,2025-01-15,S
351,76811807156956,Importadora Nacional EIRELI,Autopeças independente,Manaus,AM,Aldeota,2023-09-05,N
352,04.531.943/3750-47,Rede Nova Era S/A,Rede de autopeças,Manaus,AM,Boa Viagem,2026-06-16,S
353,99921921249384,Retífica União S/A,Autopeças independente,Campinas,SP,Higienópolis,2023-08-06,S
354,60.566.418/7758-03,Importadora Econômica EIRELI,Rede de autopeças,São Paulo,SP,Meireles,2024-05-28,S
355,03.613.325/4110-76,Distribuidora Rota LTDA,Oficina mecânica,Goiânia,GO,Cambuí,2024-07-14,S
356,83199717911006,Mecânica Nobre LTDA ME,Retífica de motores,Salvador,BA,Vila Madalena,2022-11-30,N
357,08046619639907,Auto Parts Real LTDA,Rede de autopeças,Campinas,SP,Centro,2022-07-08,S
358,93.110.919/3928-45,AUTO PARTS GARRA ME,Auto center,Salvador,BA,Jardins,2022-04-23,S
359,68.549.822/7495-45,PEÇAS E SERVIÇOS ULTRA S/A,Concessionária,Goiânia,GO,Higienópolis,2024-08-16,S
360,53331537795995,Casa das Peças Ultra LTDA,Concessionária,Recife,PE,Centro,2022-12-28,S
361,37.933.756/3620-50,Retífica Anhanguera LTDA ME,Retífica de motores,Manaus,AM,Ipanema,2024-04-03,N
362,33423425832302,Loja Central LTDA ME,Autopeças independente,São Paulo,SP,Savassi,2023-03-15,S
363,47355289611223,Loja Central LTDA ME,Oficina mecânica,Curitiba,PR,Barra,06/08/2023,S
364,93.842.530/4289-73,Loja Rota LTDA ME,Retífica de motores,Goiânia,GO,Bela Vista,2024-03-19,S
365,72558777496903,Loja Roda Livre ME,Auto center,Brasília,DF,Pinheiros,2023-06-10,S
366,48.121.478/5390-78,Comercial Líder EIRELI,Auto center,Salvador,BA,Cambuí,2022-10-14,S
367,27.341.514/8881-43,Centro Automotivo Vitória EIRELI,Autopeças independente,São Paulo,SP,Cambuí,2025-09-04,S
368,43928404456690,Auto Peças Motor ME,Concessionária,Manaus,AM,Meireles,2022-01-09,S
369,98775153663778,Comércio de Peças Veloz LTDA ME,Concessionária,Brasília,DF,Ipanema,2024-07-02,S
370, 66845909022599 ,Retífica Prime LTDA,Rede de autopeças,Recife,PE,Meireles,14/06/2021,S
371,97412182097023,Peças e Serviços Diamante ME,Rede de autopeças,Salvador,BA,Bela Vista,2024-04-12,N
372,58.025.662/1286-71,Comércio de Peças Max EIRELI,Funilaria e pintura,São Paulo,SP,Pituba,2022-06-28,S
373,49.387.430/2716-93,COMERCIAL GUARÁ S/A,Auto center,Goiânia,GO,Moema,2021-09-21,S
374,54.692.632/9676-29,Comercial Nacional EIRELI,Autopeças independente,Fortaleza,CE,Higienópolis,19/02/2024,S
375,37.681.511/8567-24,Rede Central LTDA ME,Auto center,Rio de Janeiro,RJ,Pinheiros,2023-07-05,S
376,00.412.577/7118-37,Distribuidora Titan LTDA,E-commerce de peças,Recife,PE,Boa Viagem,2023-11-19,S
377,62104275230837,Loja Potência LTDA ME,Retífica de motores,Brasília,DF,Centro,2024-05-27,N
378,33533106005313,Auto Peças Titan LTDA,Concessionária,Recife,PE,Savassi,17/02/2024,S
379,83.938.661/3315-52,Retífica Cruzeiro ME,Oficina mecânica,Salvador,BA,Moema,2024-08-02,S
380,95.013.649/7189-24,Peças e Serviços Speed EIRELI,Rede de autopeças,Porto Alegre,RS,Cambuí,2024-02-20,S
381,71509976838903,Auto Parts Real LTDA ME,Retífica de motores,Campinas,SP,Moema,2024-07-20,N
382,74326303975245,Importadora Turbo LTDA,Rede de autopeças,Salvador,BA,Cambuí,12/06/2024,S
383, 80339685270171 ,Auto Peças Potência ME,Funilaria e pintura,Curitiba,PR,Meireles,23/01/2025,S
384,67423362934497,Comércio de Peças Max LTDA ME,Auto center,Rio de Janeiro,RJ,Pituba,2023-07-17,S
385,96270661498282,Auto Peças Nobre LTDA ME,E-commerce de peças,Brasília,DF,Pituba,2023-03-25,N
386,73230085766656,Centro Automotivo Estrada LTDA,Retífica de motores,Belo Horizonte,MG,Boa Viagem,2021-12-04,S
387, 45875066337050 ,Casa das Peças Líder EIRELI,Auto center,Recife,PE,Boa Viagem,2023-11-04,N
388,66.918.362/6448-86,Loja do Sul LTDA,Rede de autopeças,Rio de Janeiro,RJ,Ipanema,2021-05-20,S
389,36402701168646,Mecânica Popular ME,Concessionária,Porto Alegre,RS,Savassi,2025-03-10,S
390,23023467912141,Distribuidora Master ME,Oficina mecânica,Curitiba,PR,Savassi,2024-11-05,N
391,09.013.806/9847-75,Casa das Peças Ouro EIRELI,Oficina mecânica,Porto Alegre,RS,Pinheiros,2022-04-06,S
392,51.076.209/1843-57,Loja Max EIRELI,Funilaria e pintura,Salvador,BA,Ipanema,2022-01-02,S
393,57.397.691/5671-64,Auto Peças Potência LTDA,Autopeças independente,Manaus,AM,Higienópolis,2023-07-30,S
394,27.178.333/2116-02,Auto Center Ouro LTDA ME,E-commerce de peças,Fortaleza,CE,Savassi,2022-11-03,S
395,71539915668633,Auto Peças Diamante S/A,Retífica de motores,Brasília,DF,Savassi,2024-11-29,S
396,56904098366552,Retífica União LTDA,Funilaria e pintura,Belo Horizonte,MG,Aldeota,2021-10-03,S
397,37729420954814,Mecânica Marajó LTDA ME,Funilaria e pintura,Porto Alegre,RS,Cambuí,2021-06-14,S
398,33.027.642/0865-67,Comercial Bosch Car EIRELI,Rede de autopeças,Manaus,AM,Meireles,2022-09-19,S
399,61259047292774,Comercial Nacional LTDA,Autopeças independente,Brasília,DF,Batel,2025-03-20,S
400,20.157.201/8596-26,Centro Automotivo Real S/A,Rede de autopeças,Recife,PE,Pinheiros,2025-05-05,S
401,17647501111783,Comércio de Peças Nacional S/A,Auto center,Campinas,SP,Pituba,2024-07-16,S
402,64921518260688,Auto Parts do Sul ME,Retífica de motores,Manaus,AM,Boa Viagem,2021-09-12,N
403,51029321840118,Distribuidora Motor ME,Concessionária,Fortaleza,CE,Bela Vista,2022-12-30,S
404,87297585988310,Peças e Serviços Motor S/A,E-commerce de peças,Porto Alegre,RS,Ipanema,2025-01-24,S
405, 96184462671462 ,Retífica Rodovia ME,E-commerce de peças,Manaus,AM,Bela Vista,2026-06-07,S
406,25.660.931/4181-86,Auto Elétrica Vitória EIRELI,Retífica de motores,Recife,PE,Barra,2024-04-19,S
407,63.611.284/9718-59,Mecânica Ouro EIRELI,Retífica de motores,Rio de Janeiro,RJ,Pinheiros,2023-02-02,S
408,88.967.924/0822-26,Auto Center do Sul EIRELI,Autopeças independente,Manaus,AM,Barra,2021-06-27,S
409,72757844683414,Loja Econômica LTDA,Retífica de motores,Recife,PE,Moema,2022-05-23,S
410,14870682778816,Retífica Motor S/A,Autopeças independente,São Paulo,SP,Barra,2024-08-04,S
411,89097283215285,Loja Nacional LTDA,Rede de autopeças,Campinas,SP,Barra,2024-05-20,S
412,44744309634807,Rede Rota EIRELI,Auto center,Rio de Janeiro,RJ,Ipanema,2024-09-07,S
413, 65016731882617 ,Auto Peças do Sul EIRELI,Funilaria e pintura,Belo Horizonte,MG,Vila Madalena,2025-05-15,S
414,41772256053134,Auto Center Master ME,Oficina mecânica,Brasília,DF,Asa Sul,2025-11-06,S
415,87256862110225,Importadora Speed LTDA ME,Autopeças independente,Fortaleza,CE,Centro,2025-05-01,S
416,47163928234143,Mecânica Cruzeiro ME,Concessionária,Porto Alegre,RS,Batel,2024-12-15,S
417,32.609.310/6684-33,Auto Peças Motor LTDA,Autopeças independente,Porto Alegre,RS,Asa Sul,2022-10-14,S
418,63502000534749,Auto Peças Guará EIRELI,E-commerce de peças,Salvador,BA,Savassi,2024-02-08,S
419,82555989534396,Centro Automotivo Ultra LTDA,Concessionária,Campinas,SP,Meireles,2024-03-07,S
420,11.895.473/8202-36,Comercial Cruzeiro LTDA,Oficina mecânica,Fortaleza,CE,Moema,2021-08-01,S
421,80294240903678,Retífica Apex LTDA ME,Concessionária,Brasília,DF,Pinheiros,2021-10-16,S
422,32029390878844,COMERCIAL TURBO ME,E-commerce de peças,Porto Alegre,RS,Higienópolis,2023-06-08,S
423,24.240.338/1059-55,Mecânica Anhanguera LTDA ME,E-commerce de peças,São Paulo,SP,Setor Bueno,2024-03-15,S
424,05342408916498,Comercial Nacional ME,Funilaria e pintura,São Paulo,SP,Pinheiros,2023-07-07,S
425,65271727223972,Peças e Serviços Fênix ME,Concessionária,Curitiba,PR,Moema,2025-02-14,S
426,61.820.916/6010-02,Centro Automotivo Apex S/A,E-commerce de peças,Fortaleza,CE,Centro,2023-04-12,S
427,85.132.797/2457-23,Peças e Serviços Pista LTDA,E-commerce de peças,Rio de Janeiro,RJ,Jardins,2024-05-10,S
428,18620303662543,Peças e Serviços Apex LTDA,Retífica de motores,Porto Alegre,RS,Setor Bueno,2022-07-07,S
429,51.510.922/6859-26,Retífica Titan EIRELI,E-commerce de peças,Goiânia,GO,Asa Sul,2023-10-30,S
430,54102252677119,Auto Elétrica Prime EIRELI,E-commerce de peças,Campinas,SP,Boa Viagem,10/04/2022,S
431,57676952366878,MECÂNICA DO SUL S/A,Funilaria e pintura,Salvador,BA,Bela Vista,2021-09-04,S
432,31.350.305/8721-05,Auto Center Titan ME,Concessionária,Manaus,AM,Higienópolis,2022-08-24,S
433,33302126065019,Peças e Serviços Central EIRELI,Concessionária,Recife,PE,Barra,2024-04-03,N
434,62272847657041,Auto Elétrica Roda Livre S/A,Autopeças independente,Goiânia,GO,Pinheiros,2026-06-20,S
435,78498436241862,Loja Central ME,Autopeças independente,Campinas,SP,Higienópolis,2023-06-26,S
436,77566205634111,REDE NACIONAL EIRELI,Oficina mecânica,Rio de Janeiro,RJ,Savassi,2022-08-21,N
437,04383034199097,Peças e Serviços Aurora EIRELI,E-commerce de peças,Goiânia,GO,Bela Vista,2024-12-05,S
438,52156818209679,Distribuidora Brasil LTDA,Concessionária,Recife,PE,Moema,2024-06-17,S
439,32288985725459,Comércio de Peças Ouro S/A,Funilaria e pintura,Curitiba,PR,Batel,2025-10-02,S
440, 10248171752421 ,Retífica Nobre ME,Oficina mecânica,Fortaleza,CE,Aldeota,06/02/2023,S
441,47.219.705/4669-27,Mecânica Fênix LTDA ME,Oficina mecânica,Fortaleza,CE,Asa Sul,2022-08-12,S
442,09038021462961,Loja Bandeirante EIRELI,Auto center,Campinas,SP,Higienópolis,2023-06-03,S
443, 11216636515597 ,Peças e Serviços Econômica LTDA ME,Auto center,Fortaleza,CE,Batel,24/06/2023,S
444,35909605673030,Retífica Roda Livre LTDA,Concessionária,Belo Horizonte,MG,Moema,2022-04-19,S
445,76834201654235,Rede Central EIRELI,Concessionária,Manaus,AM,Pinheiros,2022-04-27,S
446,93199255027275,Casa das Peças Nacional LTDA,Rede de autopeças,Brasília,DF,Batel,2024-01-13,S
447,91.033.682/9635-33,Auto Elétrica Max EIRELI,Oficina mecânica,Campinas,SP,Bela Vista,2021-06-08,S
448,77665586851276,Comércio de Peças Brasil LTDA ME,Concessionária,Rio de Janeiro,RJ,Vila Madalena,03/05/2026,S
449, 91111096179817 ,Distribuidora Apex LTDA ME,Autopeças independente,Manaus,AM,Aldeota,2021-11-06,S
450,37157660538444,Auto Elétrica do Sul LTDA,Rede de autopeças,Rio de Janeiro,RJ,Vila Madalena,2022-12-12,N
451,25.895.529/6386-39,Casa das Peças Onix LTDA ME,Rede de autopeças,São Paulo,SP,Boa Viagem,2022-06-19,S
452,82.631.281/9648-25,Distribuidora Vitória S/A,Rede de autopeças,Salvador,BA,Higienópolis,2024-09-27,S
453,96027523343836,Auto Peças Real LTDA,E-commerce de peças,Rio de Janeiro,RJ,Savassi,2023-03-18,S
454,11244211753617,Auto Peças Pista ME,Auto center,Goiânia,GO,Pinheiros,2024-07-19,S
455,72.240.299/0155-79,Centro Automotivo Titan S/A,E-commerce de peças,Campinas,SP,Centro,2026-02-17,S
456,35.130.523/1244-73,Auto Peças Garra LTDA ME,E-commerce de peças,Belo Horizonte,MG,Pinheiros,2024-02-26,S
457,23461994237676,Auto Elétrica Paulista LTDA ME,Retífica de motores,Porto Alegre,RS,Ipanema,2023-02-23,S
458,17.208.496/4985-60,Auto Elétrica Veloz ME,Rede de autopeças,Campinas,SP,Ipanema,2025-07-28,S
459,10.505.379/5381-64,Distribuidora Prime S/A,Retífica de motores,Salvador,BA,Moema,2023-06-25,S
460,66553307704611,Distribuidora União LTDA,Rede de autopeças,Campinas,SP,Centro,2025-08-01,S
461,26088050171644,Casa das Peças Potência EIRELI,Rede de autopeças,Porto Alegre,RS,Jardins,2022-11-22,S
462,77.159.103/0021-56,Auto Center Nova Era LTDA,Oficina mecânica,Manaus,AM,Jardins,2025-03-15,S
463,14.596.422/9712-52,Mecânica Ouro LTDA,Rede de autopeças,Porto Alegre,RS,Barra,2021-05-24,S
464,74573144158331,Centro Automotivo Fênix ME,Autopeças independente,Campinas,SP,Pinheiros,2024-04-01,S
465,53988547281235,AUTO PARTS DO SUL LTDA,Funilaria e pintura,Rio de Janeiro,RJ,Boa Viagem,2022-07-05,S
466,12.711.307/2407-87,Centro Automotivo Paulista ME,Retífica de motores,Goiânia,GO,Bela Vista,2022-09-12,S
467,07451066343629,Retífica União LTDA,Auto center,Salvador,BA,Barra,2023-02-14,S
468, 10094318143966 ,Auto Parts Nobre ME,Auto center,Curitiba,PR,Setor Bueno,2025-06-02,S
469,01289743251225,Auto Elétrica Veloz LTDA,Auto center,Porto Alegre,RS,Asa Sul,2024-09-14,S
470,09579073710094,Auto Center Vitória LTDA,Concessionária,Belo Horizonte,MG,Cambuí,2023-05-23,S
471,58474570545897,Auto Parts Master ME,Autopeças independente,Manaus,AM,Batel,2024-01-15,S
472,39.653.136/1487-82,Comercial Diamante S/A,Oficina mecânica,São Paulo,SP,Asa Sul,2023-03-08,S
473,98591679541072,Rede Marajó ME,E-commerce de peças,São Paulo,SP,Setor Bueno,2022-01-20,N
474, 07034910740650 ,Auto Parts Master S/A,Oficina mecânica,Porto Alegre,RS,Moema,22/05/2024,S
475,36914307536661,Auto Elétrica Econômica LTDA ME,E-commerce de peças,Belo Horizonte,MG,Cambuí,2023-03-16,S
476,34268344149782,Rede do Sul S/A,Rede de autopeças,Belo Horizonte,MG,Cambuí,2022-07-25,S
477,57567667080612,Auto Peças Nobre S/A,Oficina mecânica,Campinas,SP,Setor Bueno,2022-12-22,N
478,26078701041591,Auto Elétrica do Sul S/A,Oficina mecânica,Recife,PE,Jardins,2023-01-15,S
479,28723244079311,Mecânica Garra LTDA,Retífica de motores,Brasília,DF,Bela Vista,2025-01-02,S
480,14672384979162,Mecânica Onix ME,Concessionária,São Paulo,SP,Setor Bueno,2025-05-05,S
481,97546617662047,Importadora Max LTDA,Autopeças independente,Rio de Janeiro,RJ,Aldeota,2023-12-30,N
482,27.740.258/8358-68,Auto Parts Bandeirante EIRELI,Oficina mecânica,Salvador,BA,Batel,2025-02-03,S
483,46176792988425,Auto Center Anhanguera LTDA,Rede de autopeças,Campinas,SP,Boa Viagem,2021-05-31,S
484,17.753.312/6610-94,Auto Elétrica Veloz LTDA,Auto center,Campinas,SP,Cambuí,2024-11-14,S
485,62983347743326,Comércio de Peças Guará LTDA,Funilaria e pintura,Fortaleza,CE,Savassi,2021-09-15,S
486,05.698.152/8733-97,Mecânica Pista LTDA ME,Concessionária,Belo Horizonte,MG,Moema,11/11/2021,S
487,84.117.309/8503-44,Auto Center Marajó LTDA,Retífica de motores,Belo Horizonte,MG,Barra,2022-06-25,S
488,84.690.819/7400-56,Mecânica Marajó EIRELI,Concessionária,Goiânia,GO,Jardins,31/10/2024,S
489,99051699187240,Comercial Master LTDA ME,Funilaria e pintura,Rio de Janeiro,RJ,Barra,2026-02-02,N
490,03896087066266,Auto Elétrica Rodovia EIRELI,Retífica de motores,São Paulo,SP,Vila Madalena,2025-11-23,S
491,31903689003010,REDE NOVA ERA EIRELI,E-commerce de peças,Curitiba,PR,Barra,2023-12-17,S
492,96711148375374,Auto Peças Nacional S/A,E-commerce de peças,Belo Horizonte,MG,Cambuí,2022-08-12,S
493,10569741328348,AUTO PARTS MAX LTDA ME,Autopeças independente,Brasília,DF,Centro,2025-01-24,S
494,44.964.104/9670-66,Comercial Brasil S/A,Rede de autopeças,São Paulo,SP,Setor Bueno,30/03/2025,N
495,09549305966018,COMÉRCIO DE PEÇAS NOVA ERA LTDA ME,E-commerce de peças,Salvador,BA,Bela Vista,2022-06-30,S
496,73204413845960,Auto Center Brasil LTDA,E-commerce de peças,Recife,PE,Cambuí,2023-02-18,S
497, 77070705783609 ,CENTRO AUTOMOTIVO NOVA ERA ME,Oficina mecânica,Belo Horizonte,MG,Asa Sul,23/03/2024,S
498,23229031028795,Casa das Peças Bandeirante EIRELI,Funilaria e pintura,Fortaleza,CE,Ipanema,2024-06-08,S
499,93.511.871/8133-59,MECÂNICA ECONÔMICA LTDA ME,Rede de autopeças,São Paulo,SP,Batel,2022-08-03,N
500,55657490250429,Loja Max S/A,Oficina mecânica,Goiânia,GO,Meireles,2025-04-05,S
501,02611398986818,Auto Parts Master ME,Auto center,Goiânia,GO,Setor Bueno,2024-05-19,S
502,35375137651588,Importadora Diamante LTDA ME,Auto center,Salvador,BA,Barra,2024-03-29,S
503,83692944551166,Distribuidora Max ME,Auto center,Belo Horizonte,MG,Centro,2021-11-02,S
504,48712060212886,Importadora Speed ME,Rede de autopeças,Recife,PE,Savassi,2022-04-21,S
505,99.910.157/6764-72,Auto Elétrica Speed S/A,Retífica de motores,Salvador,BA,Aldeota,2023-08-23,S
506,28.941.347/5098-89,Auto Parts Marajó LTDA ME,Rede de autopeças,Fortaleza,CE,Boa Viagem,2021-10-27,S
507,36.849.951/5421-44,Comércio de Peças Cruzeiro S/A,Concessionária,São Paulo,SP,Barra,2021-12-10,S
508,13.882.090/8830-70,Peças e Serviços Garra S/A,Rede de autopeças,Belo Horizonte,MG,Aldeota,2026-04-08,S
509,17674124151315,Distribuidora Ipê S/A,E-commerce de peças,Rio de Janeiro,RJ,Moema,17/10/2023,S
510,06.185.380/0329-63,Auto Parts Master LTDA ME,Concessionária,Salvador,BA,Meireles,2023-07-29,S
511,83061789320649,Rede Econômica LTDA ME,Funilaria e pintura,Rio de Janeiro,RJ,Boa Viagem,2022-07-16,S
512,47769587413146,Importadora Brasil LTDA ME,Rede de autopeças,Curitiba,PR,Savassi,2022-03-01,S
513,27796304483608,AUTO PEÇAS LÍDER LTDA ME,Oficina mecânica,Recife,PE,Asa Sul,2022-11-10,S
514,73.504.763/9283-19,Loja Vitória LTDA ME,Autopeças independente,Porto Alegre,RS,Cambuí,2026-03-07,S
515,10835832863425,Auto Center Master LTDA,Funilaria e pintura,Brasília,DF,Bela Vista,2022-10-24,S
516,70244033041662,Auto Peças Ultra LTDA ME,Retífica de motores,Recife,PE,Higienópolis,2023-02-27,S
517,19639456804473,Distribuidora Master LTDA ME,Auto center,Belo Horizonte,MG,Vila Madalena,2024-02-10,S
518,48836076581739,Retífica Rota LTDA ME,Funilaria e pintura,Fortaleza,CE,Setor Bueno,2024-07-13,S
519,11823793126978,Peças e Serviços Roda Livre LTDA ME,Autopeças independente,Campinas,SP,Cambuí,2021-06-29,S
520,59960438787535,Casa das Peças Ultra LTDA,Retífica de motores,São Paulo,SP,Centro,2022-01-31,S
521,12.371.067/2872-86,Loja Titan S/A,Rede de autopeças,Manaus,AM,Ipanema,2024-12-30,S
522,24839589477352,Auto Elétrica Líder LTDA ME,Auto center,Belo Horizonte,MG,Pituba,2023-10-01,N
523,43.318.751/0979-21,Comercial Turbo LTDA,Funilaria e pintura,São Paulo,SP,Asa Sul,2022-09-15,S
524,94596488319213,Auto Center Marajó S/A,Retífica de motores,Recife,PE,Pinheiros,2026-04-01,S
525,94973203319222,Retífica Estrada ME,Oficina mecânica,Goiânia,GO,Aldeota,02/01/2022,S
526,54.813.866/6754-85,Centro Automotivo Estrada EIRELI,Funilaria e pintura,Fortaleza,CE,Vila Madalena,2026-05-13,S
527,41865205756398,Rede Cruzeiro ME,Concessionária,Fortaleza,CE,Bela Vista,2023-08-07,S
528,45.154.809/4047-60,Loja Master LTDA ME,Autopeças independente,Goiânia,GO,Aldeota,2023-04-02,S
529,81050922216107,Distribuidora Diamante S/A,E-commerce de peças,Fortaleza,CE,Cambuí,2024-04-27,S
530,29580660138241,Auto Center Aurora S/A,E-commerce de peças,Salvador,BA,Centro,2023-09-14,S
531,51.579.197/1112-12,Comércio de Peças Econômica ME,Autopeças independente,Brasília,DF,Aldeota,2022-11-21,S
532,34.324.064/2429-56,Comercial Cruzeiro EIRELI,E-commerce de peças,Manaus,AM,Aldeota,2023-05-28,S
533,59.558.720/9628-93,Auto Center Potência S/A,E-commerce de peças,Fortaleza,CE,Asa Sul,28/03/2022,S
534,43.740.182/7279-55,Centro Automotivo Garra EIRELI,Autopeças independente,Curitiba,PR,Centro,2021-07-05,S
535,55.125.427/8207-97,CASA DAS PEÇAS PAULISTA EIRELI,Rede de autopeças,Fortaleza,CE,Cambuí,10/06/2021,S
536,40.381.664/9690-28,Mecânica Paulista ME,Funilaria e pintura,Recife,PE,Jardins,2023-09-27,S
537,25762702324412,Retífica Ultra ME,Rede de autopeças,Porto Alegre,RS,Ipanema,2023-05-07,N
538,51786376731625,Comércio de Peças Turbo S/A,Oficina mecânica,Belo Horizonte,MG,Moema,2023-12-03,S
539,90.392.355/5809-96,Rede Turbo LTDA,Concessionária,Campinas,SP,Vila Madalena,2024-03-27,S
540,26244670462268,Casa das Peças Roda Livre LTDA ME,Retífica de motores,Recife,PE,Centro,2024-01-28,S
541,98.670.766/0464-19,Comercial Apex S/A,Auto center,Belo Horizonte,MG,Savassi,2022-02-22,S
542,86120594389760,Importadora Rota EIRELI,Retífica de motores,Recife,PE,Ipanema,2022-01-24,S
543,40842456075409,Mecânica Guará ME,Autopeças independente,Salvador,BA,Higienópolis,2024-01-17,S
544,27645793897015,Retífica Max LTDA,Retífica de motores,Manaus,AM,Setor Bueno,2026-05-17,S
545,24.161.394/4988-30,Auto Elétrica Bosch Car ME,Funilaria e pintura,São Paulo,SP,Jardins,2022-07-28,S
546,44.063.062/4479-51,Centro Automotivo Diamante EIRELI,Funilaria e pintura,Belo Horizonte,MG,Aldeota,2025-07-30,S
547,95867805555727,Auto Peças Líder LTDA,Rede de autopeças,Campinas,SP,Moema,2025-02-22,S
548,51385445770299,Auto Peças Guará EIRELI,Rede de autopeças,Brasília,DF,Pituba,2023-09-26,S
549,82691163319422,Distribuidora Apex S/A,Oficina mecânica,Recife,PE,Ipanema,2022-06-03,S
550,58886367747226,Centro Automotivo Bandeirante LTDA,Auto center,Campinas,SP,Vila Madalena,2025-08-09,S
551,30.932.998/1996-05,Auto Center Marajó EIRELI,Auto center,Recife,PE,Pinheiros,2026-06-03,S
552,27.532.735/2410-39,AUTO ELÉTRICA AURORA LTDA ME,Auto center,Curitiba,PR,Savassi,2022-01-31,S
553,23.710.068/7616-48,Loja Rodovia LTDA,Autopeças independente,Salvador,BA,Pinheiros,2023-12-29,S
554,05.687.611/2491-25,Importadora Vitória ME,Concessionária,Manaus,AM,Cambuí,2022-05-10,S
555,77345475749490,Comercial Speed S/A,Autopeças independente,Rio de Janeiro,RJ,Setor Bueno,2025-06-23,S
556,29477422294643,Mecânica Anhanguera LTDA,E-commerce de peças,Manaus,AM,Bela Vista,2024-07-06,S
557,67925298585672,DISTRIBUIDORA GUARÁ LTDA,Auto center,Brasília,DF,Setor Bueno,2021-09-22,S
558,49.135.779/0833-50,Rede Diamante EIRELI,Oficina mecânica,Belo Horizonte,MG,Higienópolis,2022-06-08,S
559,10798334233720,Auto Peças Central LTDA,Retífica de motores,Brasília,DF,Batel,2023-03-07,S
560,33399771805137,Centro Automotivo Veloz S/A,Auto center,São Paulo,SP,Pituba,2024-01-07,S
561,96.173.997/0469-47,Importadora Diamante EIRELI,Auto center,São Paulo,SP,Higienópolis,2023-09-06,S
562,88.471.270/5877-22,Comércio de Peças Diamante EIRELI,E-commerce de peças,Porto Alegre,RS,Higienópolis,20/04/2024,S
563, 13348458714939 ,Centro Automotivo Titan ME,Funilaria e pintura,Curitiba,PR,Boa Viagem,2023-10-21,S
564,79643474524555,Rede Speed LTDA ME,Rede de autopeças,Brasília,DF,Vila Madalena,2022-02-23,S
565,74033445056658,Mecânica Ipê LTDA ME,Funilaria e pintura,Belo Horizonte,MG,Savassi,2021-07-13,N
566,57970673499601,Loja Vitória LTDA ME,E-commerce de peças,Belo Horizonte,MG,Savassi,2024-05-10,S
567, 15622949381735 ,Distribuidora Onix EIRELI,E-commerce de peças,Manaus,AM,Batel,2021-06-17,S
568,55732573755344,LOJA REAL LTDA ME,Rede de autopeças,Rio de Janeiro,RJ,Bela Vista,2026-06-20,N
569,50.960.858/7495-11,Casa das Peças Líder S/A,Retífica de motores,Brasília,DF,Moema,2026-03-26,S
570,93164772512957,Distribuidora Nova Era S/A,Rede de autopeças,Fortaleza,CE,Pinheiros,2021-09-17,N
571,56.243.958/7395-92,Retífica Diamante LTDA,Funilaria e pintura,Curitiba,PR,Jardins,2023-08-12,S
572,51553334264335,Auto Elétrica Líder LTDA ME,Retífica de motores,Brasília,DF,Meireles,2025-11-25,S
573,76336911289812,Loja Master LTDA ME,Oficina mecânica,Fortaleza,CE,Moema,2026-01-14,S
574,74817006661554,Auto Peças Prime LTDA ME,E-commerce de peças,Salvador,BA,Centro,21/04/2024,S
575, 50232902822700 ,Comércio de Peças Potência LTDA ME,E-commerce de peças,Porto Alegre,RS,Vila Madalena,2023-06-30,S
576,22512073465495,Mecânica Nacional LTDA,Oficina mecânica,Brasília,DF,Batel,2024-07-05,S
577,86982210531611,IMPORTADORA PISTA ME,Rede de autopeças,São Paulo,SP,Centro,2022-01-01,S
578,42585917793238,Casa das Peças do Sul LTDA,Concessionária,Fortaleza,CE,Setor Bueno,2023-12-11,S
579,33.424.579/8894-25,Mecânica União LTDA ME,Concessionária,Rio de Janeiro,RJ,Meireles,2022-04-21,S
580,20326509775396,Auto Center Pista S/A,Auto center,São Paulo,SP,Asa Sul,2022-02-19,S
581,55.245.787/1584-15,COMERCIAL CRUZEIRO LTDA ME,Concessionária,Brasília,DF,Savassi,2022-04-12,S
582,25.476.818/2683-23,Casa das Peças Onix S/A,Concessionária,Porto Alegre,RS,Higienópolis,2025-08-29,S
583,82.521.293/2896-34,Distribuidora Paulista S/A,Rede de autopeças,Curitiba,PR,Pituba,2024-05-24,S
584,40148439910622,Importadora Estrada LTDA ME,Funilaria e pintura,Belo Horizonte,MG,Meireles,2021-12-22,S
585,13426192372450,Distribuidora Econômica LTDA ME,Retífica de motores,Salvador,BA,Aldeota,2024-01-05,S
586,89.721.540/6417-69,Comércio de Peças Brasil S/A,Auto center,Rio de Janeiro,RJ,Ipanema,2023-09-23,S
587,76601444856451,Auto Elétrica Bosch Car ME,Funilaria e pintura,Campinas,SP,Asa Sul,11/01/2026,S
588,78996986091919,Auto Center Fênix LTDA ME,Oficina mecânica,Manaus,AM,Jardins,2025-05-03,S
589,79806603920514,Rede Econômica EIRELI,Auto center,Fortaleza,CE,Barra,2022-05-11,S
590,57423885652715,Auto Peças Cruzeiro LTDA,Funilaria e pintura,São Paulo,SP,Moema,2022-09-12,S
591,97.263.475/5752-25,Comércio de Peças Popular S/A,E-commerce de peças,Salvador,BA,Higienópolis,2026-04-19,S
592,91311964258562,Loja Ipê LTDA ME,Retífica de motores,Recife,PE,Barra,2025-06-28,S
593,40733337320430,Auto Parts Ouro S/A,Rede de autopeças,Campinas,SP,Boa Viagem,17/12/2021,S
594,69645465535851,Loja Guará ME,Funilaria e pintura,Goiânia,GO,Bela Vista,01/12/2023,S
595,51935837490797,Auto Elétrica do Sul S/A,Retífica de motores,Brasília,DF,Jardins,2021-11-18,S
596,21.514.940/9762-63,Importadora Nova Era S/A,E-commerce de peças,Fortaleza,CE,Bela Vista,2022-02-19,S
597,89509059119186,Loja Rodovia ME,Funilaria e pintura,Belo Horizonte,MG,Pituba,2023-10-07,S
598,11.696.667/2521-45,Centro Automotivo Ipê ME,E-commerce de peças,Salvador,BA,Meireles,2023-09-04,S
599,15.718.409/0805-12,Centro Automotivo Nacional LTDA ME,Autopeças independente,Campinas,SP,Ipanema,2024-08-29,S
600,39.728.351/2959-27,Casa das Peças Nova Era LTDA,Auto center,Belo Horizonte,MG,Savassi,2023-09-04,S
601,41529821739295,Auto Elétrica do Sul S/A,Rede de autopeças,Porto Alegre,RS,Barra,2022-02-13,S
602,73605079181589,Rede Speed ME,Rede de autopeças,Curitiba,PR,Batel,2021-06-12,S
603,46666170715879,Distribuidora União S/A,E-commerce de peças,Curitiba,PR,Meireles,2022-06-28,S
604,99825080046358,Casa das Peças Roda Livre S/A,Rede de autopeças,Porto Alegre,RS,Bela Vista,2024-05-17,S
605,03.172.351/3739-90,Distribuidora Aurora EIRELI,Funilaria e pintura,Manaus,AM,Barra,01/06/2024,S
606,26356022939469,Auto Parts Speed LTDA ME,E-commerce de peças,Salvador,BA,Pinheiros,2026-07-02,S
607,74906072311127,Importadora Estrada LTDA ME,Concessionária,Curitiba,PR,Setor Bueno,2025-08-02,S
608,41.163.187/3280-77,Distribuidora Real LTDA,Rede de autopeças,Goiânia,GO,Ipanema,2024-10-09,S
609,79083350902542,Rede Econômica ME,Autopeças independente,Belo Horizonte,MG,Bela Vista,2022-09-15,N
610,35.707.139/8482-28,AUTO ELÉTRICA IPÊ LTDA,Rede de autopeças,Belo Horizonte,MG,Boa Viagem,2024-11-06,S
611,50.213.060/9069-13,RETÍFICA ONIX LTDA ME,Retífica de motores,Salvador,BA,Pinheiros,2024-06-21,S
612,67379457727853,Auto Center Nova Era ME,Concessionária,Goiânia,GO,Centro,2023-11-11,S
613,20768362536667,Auto Parts Rota EIRELI,Rede de autopeças,Porto Alegre,RS,Pinheiros,2022-02-18,S
614,33339395786543,Auto Parts Popular LTDA ME,Auto center,Brasília,DF,Meireles,2024-12-21,S
615,68627036924926,Auto Peças Real EIRELI,Funilaria e pintura,Belo Horizonte,MG,Batel,2021-06-12,S
616,59980111000515,Distribuidora Apex EIRELI,Funilaria e pintura,Fortaleza,CE,Cambuí,2025-02-02,S
617,75244182226189,Retífica Fênix ME,Auto center,Fortaleza,CE,Batel,20/03/2026,S
618,02676720957992,Distribuidora Ipê EIRELI,Auto center,Rio de Janeiro,RJ,Moema,2022-02-28,S
619,22946213541597,Mecânica Nobre EIRELI,Rede de autopeças,Rio de Janeiro,RJ,Asa Sul,2024-07-31,S
620,75.203.447/6504-71,Importadora Brasil S/A,Concessionária,São Paulo,SP,Pinheiros,2022-10-21,S
621,66.046.558/6652-54,Loja Veloz LTDA,E-commerce de peças,Fortaleza,CE,Cambuí,2025-06-16,S
622,02131251293110,Loja União ME,Oficina mecânica,Rio de Janeiro,RJ,Aldeota,2024-08-05,S
623,19.102.312/1106-33,Auto Peças Bandeirante S/A,Rede de autopeças,Salvador,BA,Meireles,2024-05-22,S
624,92.749.072/8012-34,AUTO CENTER CENTRAL LTDA,Funilaria e pintura,Fortaleza,CE,Cambuí,2023-11-12,S
625,26.949.684/3645-38,Auto Center Real LTDA,E-commerce de peças,Curitiba,PR,Pituba,2024-08-18,S
626, 09617015959194 ,Peças e Serviços Prime EIRELI,Auto center,Manaus,AM,Cambuí,2022-11-18,S
627,33920567756777,Auto Elétrica Anhanguera EIRELI,Rede de autopeças,Manaus,AM,Batel,2025-09-30,S
628,62.292.310/6724-53,Auto Center Ouro EIRELI,Concessionária,São Paulo,SP,Pituba,2024-07-19,S
629,66270511579423,Auto Center Guará LTDA,Funilaria e pintura,Fortaleza,CE,Boa Viagem,2021-10-05,S
630, 96919284552597 ,Centro Automotivo Econômica EIRELI,Rede de autopeças,Porto Alegre,RS,Cambuí,2025-09-14,S
631,48.595.325/9399-33,Peças e Serviços Rota LTDA,Autopeças independente,Fortaleza,CE,Batel,2021-12-06,S
632,87.794.176/3425-07,IMPORTADORA MAX LTDA ME,Oficina mecânica,Rio de Janeiro,RJ,Asa Sul,04/09/2024,S
633,59.833.991/4038-84,Auto Center Aurora EIRELI,Rede de autopeças,Fortaleza,CE,Batel,2023-04-12,S
634,61.572.768/2975-14,Loja Fênix S/A,Auto center,São Paulo,SP,Centro,2022-02-11,S
635,87.525.680/6562-59,Loja Apex LTDA,Oficina mecânica,Salvador,BA,Jardins,2024-06-23,S
636,27.112.218/2315-55,Distribuidora Bandeirante S/A,Retífica de motores,Manaus,AM,Vila Madalena,2024-03-19,S
637,28137214330800,Distribuidora Onix ME,Autopeças independente,Recife,PE,Batel,2023-05-29,S
638,66.084.706/8103-90,Loja Master S/A,Autopeças independente,Salvador,BA,Bela Vista,17/01/2026,S
639,63.280.944/8586-23,Importadora Pista LTDA,Oficina mecânica,Belo Horizonte,MG,Aldeota,2023-03-27,N
640,86321061339439,AUTO PARTS GARRA ME,Autopeças independente,Goiânia,GO,Asa Sul,2022-12-20,S
641,40.325.376/5769-27,Importadora Roda Livre LTDA,E-commerce de peças,São Paulo,SP,Centro,2021-12-23,S
642, 00404769210533 ,Auto Center Rota LTDA ME,Oficina mecânica,Goiânia,GO,Setor Bueno,2022-04-19,S
643,42.473.107/2011-37,Casa das Peças Vitória S/A,E-commerce de peças,Rio de Janeiro,RJ,Batel,2021-06-02,S
644, 60076762090144 ,Retífica Paulista ME,Autopeças independente,Recife,PE,Aldeota,2025-06-01,S
645,09687304519577,Importadora Titan EIRELI,Concessionária,Campinas,SP,Pinheiros,2025-09-16,S
646,42786561942557,Comercial Pista S/A,Concessionária,Salvador,BA,Batel,2022-02-21,S
647,29236161880819,Auto Peças Central EIRELI,Concessionária,Brasília,DF,Cambuí,24/08/2024,S
648,86863956137230,Casa das Peças Rota EIRELI,Auto center,Salvador,BA,Pinheiros,2021-11-03,S
649,81300041321147,IMPORTADORA NOBRE LTDA,Oficina mecânica,Curitiba,PR,Setor Bueno,2024-01-02,S
650,34699799070755,Auto Parts Motor LTDA,Auto center,Salvador,BA,Ipanema,2024-06-30,S
651,70607174811317,Auto Parts Max LTDA,Funilaria e pintura,Campinas,SP,Higienópolis,2022-07-17,S
652,39.610.290/8718-27,Distribuidora Prime LTDA,Rede de autopeças,Fortaleza,CE,Savassi,2023-02-17,S
653,27420495612137,Retífica Aurora EIRELI,Concessionária,Fortaleza,CE,Cambuí,2025-10-02,S
654,73711222990775,Importadora Anhanguera LTDA,Oficina mecânica,Goiânia,GO,Jardins,2026-02-20,S
655,61114576832102,Comercial Central EIRELI,Funilaria e pintura,Brasília,DF,Pituba,2024-03-09,N
656,29618033242605,Loja Guará EIRELI,Autopeças independente,Campinas,SP,Centro,02/05/2024,S
657,53.733.777/3126-88,Rede Diamante S/A,Concessionária,Belo Horizonte,MG,Moema,2025-01-09,S
658,65346060560356,Casa das Peças Pista LTDA ME,Funilaria e pintura,Curitiba,PR,Bela Vista,23/02/2022,S
659, 23984716906181 ,Rede Titan LTDA ME,Autopeças independente,Campinas,SP,Cambuí,2023-11-08,S
660,95.478.769/8999-27,Comércio de Peças Onix S/A,Oficina mecânica,Brasília,DF,Asa Sul,2026-01-15,S
661,49.835.539/3543-58,Mecânica Vitória S/A,Rede de autopeças,Porto Alegre,RS,Batel,2022-05-13,S
662,43588537982143,Auto Elétrica Nacional LTDA ME,Oficina mecânica,Manaus,AM,Pinheiros,2023-07-08,S
663, 97852491416860 ,Auto Peças Pista S/A,Auto center,Porto Alegre,RS,Bela Vista,19/05/2025,S
664,40679176651221,Auto Parts Econômica EIRELI,Autopeças independente,Curitiba,PR,Higienópolis,2022-08-23,S
665,63090015944633,Casa das Peças Ipê ME,E-commerce de peças,Rio de Janeiro,RJ,Higienópolis,2023-06-08,S
666,26.389.021/9947-11,Auto Elétrica Fortaleza S/A,Funilaria e pintura,Curitiba,PR,Boa Viagem,2023-04-16,S
667,10346996733116,Mecânica Real LTDA,Rede de autopeças,Porto Alegre,RS,Asa Sul,2022-03-07,S
668,76855078967935,Auto Elétrica União ME,Rede de autopeças,Campinas,SP,Ipanema,2023-11-11,S
669, 43697093170695 ,Casa das Peças Onix LTDA ME,Auto center,Curitiba,PR,Asa Sul,2022-08-27,S
670,54722398983065,Retífica Aurora LTDA,Retífica de motores,Porto Alegre,RS,Higienópolis,2024-05-26,N
671,84724264236428,Auto Peças Popular ME,Autopeças independente,Rio de Janeiro,RJ,Pituba,2024-12-04,S
672,30.391.114/2817-85,Mecânica Max ME,Funilaria e pintura,Belo Horizonte,MG,Bela Vista,2025-03-11,S
673,80.622.072/2395-94,Comercial Veloz ME,Retífica de motores,Brasília,DF,Jardins,2025-02-27,N
674,20478768868785,Loja Diamante LTDA ME,Rede de autopeças,Recife,PE,Pituba,2021-06-07,S
675,31954196664505,AUTO CENTER NOBRE ME,Funilaria e pintura,São Paulo,SP,Batel,2024-09-17,S
676,63.203.747/6775-37,Retífica Central LTDA,Autopeças independente,Porto Alegre,RS,Jardins,2023-12-09,S
677,61.945.887/0715-53,Centro Automotivo Central ME,Concessionária,Recife,PE,Higienópolis,2022-12-06,S
678,83.850.765/9759-54,PEÇAS E SERVIÇOS GARRA LTDA ME,Retífica de motores,São Paulo,SP,Jardins,2026-02-12,S
679,98.126.574/2231-96,Distribuidora Bosch Car LTDA,Autopeças independente,Brasília,DF,Meireles,2023-02-15,S
680, 62689430120471 ,Auto Elétrica Prime LTDA,Concessionária,Curitiba,PR,Aldeota,2023-06-11,S
681, 95749885582984 ,Centro Automotivo Real EIRELI,Rede de autopeças,Salvador,BA,Setor Bueno,23/09/2024,S
682,60944128333721,REDE AURORA LTDA ME,Rede de autopeças,Manaus,AM,Setor Bueno,2021-08-18,S
683,97.150.666/2670-55,Importadora Anhanguera S/A,Auto center,Belo Horizonte,MG,Vila Madalena,2024-01-03,S
684,39252959611110,Rede Anhanguera ME,Auto center,Porto Alegre,RS,Centro,2023-10-30,S
685,24559102451091,Retífica Marajó LTDA ME,Funilaria e pintura,São Paulo,SP,Setor Bueno,2024-06-13,S
686,19.421.794/2817-93,Auto Elétrica Master LTDA ME,Concessionária,Brasília,DF,Bela Vista,2025-08-13,S
687,66345337220109,Loja Central EIRELI,Concessionária,Campinas,SP,Cambuí,2025-12-04,S
688,76.618.943/7052-63,AUTO PEÇAS SPEED LTDA ME,E-commerce de peças,Manaus,AM,Pinheiros,03/10/2024,S
689,72565920246175,Auto Center Bandeirante LTDA ME,Funilaria e pintura,Salvador,BA,Meireles,2025-01-22,S
690,00.559.550/1783-32,Auto Center Veloz S/A,E-commerce de peças,Recife,PE,Meireles,2022-10-22,S
691,07984870450691,Loja Bandeirante S/A,Rede de autopeças,Manaus,AM,Cambuí,2022-01-04,S
692,74403946408303,COMERCIAL CENTRAL EIRELI,Rede de autopeças,Curitiba,PR,Higienópolis,2024-09-03,S
693,84.907.938/8413-68,Comercial Guará LTDA,Autopeças independente,São Paulo,SP,Barra,2025-03-25,S
694,12424462632514,Auto Elétrica Prime LTDA,Retífica de motores,São Paulo,SP,Centro,2022-12-08,S
695,42175188781794,Mecânica Turbo LTDA ME,Retífica de motores,Rio de Janeiro,RJ,Higienópolis,2024-03-15,S
696,09112252883750,Comercial Marajó LTDA ME,Rede de autopeças,Manaus,AM,Meireles,2022-10-06,S
697,91378765530073,Distribuidora Rota EIRELI,Autopeças independente,Fortaleza,CE,Centro,2024-08-25,S
698,12.198.819/2778-85,Comércio de Peças Roda Livre ME,Autopeças independente,Fortaleza,CE,Vila Madalena,31/12/2023,S
699,04.246.245/6185-17,Auto Peças Real EIRELI,Rede de autopeças,Rio de Janeiro,RJ,Moema,2022-12-10,S
700,99151145512939,Casa das Peças Speed LTDA,E-commerce de peças,Brasília,DF,Higienópolis,2025-06-11,S
701,84841604615402,Auto Center Potência LTDA,Autopeças independente,Manaus,AM,Ipanema,2026-04-26,S
702,42983152291073,Centro Automotivo Fortaleza S/A,Funilaria e pintura,Rio de Janeiro,RJ,Meireles,04/02/2026,S
703,06396384526969,Retífica Garra EIRELI,Retífica de motores,Curitiba,PR,Pituba,2023-01-21,N
704,69342929132033,Comercial Apex EIRELI,Rede de autopeças,Rio de Janeiro,RJ,Centro,2024-05-29,S
705,10615372215566,Comercial Brasil ME,Auto center,Manaus,AM,Ipanema,2021-10-05,S
706,37.746.040/6720-07,Auto Parts Nacional ME,Rede de autopeças,Campinas,SP,Boa Viagem,24/09/2021,S
707,78197543734764,Retífica Ouro ME,Auto center,São Paulo,SP,Pinheiros,2023-10-09,S
708,82145841484601,Importadora Brasil EIRELI,Retífica de motores,Brasília,DF,Higienópolis,2021-06-28,S
709,82.780.205/8695-07,Retífica Diamante S/A,Rede de autopeças,Goiânia,GO,Pinheiros,2025-07-11,S
710,99516793350557,Retífica União S/A,Auto center,Goiânia,GO,Moema,2023-04-27,S
711,36.037.681/1872-33,Auto Parts Fortaleza S/A,Autopeças independente,Belo Horizonte,MG,Asa Sul,2023-06-12,S
712, 31539114983074 ,Rede Ultra EIRELI,Auto center,Fortaleza,CE,Bela Vista,2024-09-07,S
713,40655782019043,Comércio de Peças Ouro ME,Funilaria e pintura,Goiânia,GO,Meireles,2023-09-15,S
714,70739201354621,Auto Parts Bandeirante LTDA,Autopeças independente,Porto Alegre,RS,Vila Madalena,12/10/2023,S
715,31.261.632/4888-99,RETÍFICA REAL S/A,Concessionária,Belo Horizonte,MG,Aldeota,2022-10-27,S
716,74549303646871,Retífica Cruzeiro LTDA,Autopeças independente,Goiânia,GO,Pinheiros,2025-01-08,S
717,20828323089813,Rede Titan LTDA,Oficina mecânica,Goiânia,GO,Cambuí,2021-08-25,S
718,06732318297168,Auto Elétrica Max EIRELI,Oficina mecânica,Belo Horizonte,MG,Cambuí,2024-03-21,N
719,00015291137178,Casa das Peças Titan EIRELI,Autopeças independente,São Paulo,SP,Savassi,08/06/2026,S
720,44.421.829/9874-78,Loja Central LTDA ME,Autopeças independente,Brasília,DF,Vila Madalena,23/06/2025,S
721,90043655158482,Distribuidora Motor ME,Retífica de motores,São Paulo,SP,Bela Vista,2022-05-26,S
722,50542960807063,Auto Center Ultra LTDA,Auto center,Salvador,BA,Bela Vista,2023-04-28,S
723,04016481880442,Loja Max ME,Auto center,Rio de Janeiro,RJ,Meireles,2021-08-07,S
724,64.321.269/4289-46,Peças e Serviços Guará EIRELI,Rede de autopeças,Rio de Janeiro,RJ,Bela Vista,2025-05-07,S
725,44170646255402,MECÂNICA GUARÁ ME,Oficina mecânica,Rio de Janeiro,RJ,Centro,2022-05-30,S
726,64644898803153,Importadora Vitória ME,Concessionária,Fortaleza,CE,Jardins,2021-07-21,S
727,04043333538495,Comercial Max LTDA,Funilaria e pintura,Salvador,BA,Aldeota,2023-12-26,S
728,18093391373265,Comercial Nova Era LTDA,Autopeças independente,Manaus,AM,Bela Vista,2025-10-22,S
729,61.786.880/0230-09,Mecânica Ouro ME,Rede de autopeças,Salvador,BA,Bela Vista,2024-01-27,S
730,65.774.491/6093-65,Comércio de Peças Garra LTDA,Retífica de motores,Curitiba,PR,Bela Vista,2024-10-30,S
731,41843368750926,Mecânica Paulista S/A,Funilaria e pintura,Goiânia,GO,Barra,2025-02-09,S
732,56114042886050,MECÂNICA FORTALEZA S/A,Rede de autopeças,Salvador,BA,Savassi,2025-10-10,S
733,00308356691062,Auto Parts Ultra EIRELI,Retífica de motores,Recife,PE,Ipanema,06/04/2025,N
734,88.269.177/6829-38,Comercial União EIRELI,Autopeças independente,Recife,PE,Centro,11/03/2023,S
735,35437882603359,Auto Elétrica Ipê S/A,Auto center,Fortaleza,CE,Bela Vista,2025-09-15,S
736,91.449.207/4926-99,Auto Elétrica Max S/A,Rede de autopeças,Goiânia,GO,Aldeota,2022-04-24,S
737,42859693259140,Comercial Onix LTDA,Funilaria e pintura,Brasília,DF,Barra,2021-11-12,S
738,66980690872617,Retífica Rodovia ME,Autopeças independente,Belo Horizonte,MG,Setor Bueno,2022-04-30,S
739,38.935.953/8280-40,Centro Automotivo Veloz S/A,Retífica de motores,Manaus,AM,Centro,2022-09-27,S
740,69.582.641/8696-56,Retífica Líder LTDA ME,Funilaria e pintura,Belo Horizonte,MG,Savassi,05/04/2024,S
741,23859514346823,Auto Peças Potência LTDA,E-commerce de peças,Campinas,SP,Boa Viagem,2022-12-05,S
742,00869661016831,Mecânica Garra LTDA,Oficina mecânica,Curitiba,PR,Jardins,2024-03-19,S
743,14915076283976,Auto Elétrica Bandeirante EIRELI,Funilaria e pintura,Porto Alegre,RS,Pituba,2025-09-13,S
744, 46207266292508 ,Retífica Fortaleza LTDA ME,Auto center,Goiânia,GO,Jardins,2024-02-26,S
745,91406884133373,Mecânica Rota ME,Oficina mecânica,Goiânia,GO,Pinheiros,2024-03-03,S
746,17.032.119/2061-36,Auto Peças Central LTDA ME,Oficina mecânica,Brasília,DF,Ipanema,2023-05-03,S
747,37184449029502,Mecânica Fortaleza EIRELI,Autopeças independente,Curitiba,PR,Jardins,2022-06-14,S
748,41.678.127/7822-10,Loja Guará ME,Auto center,Curitiba,PR,Meireles,2023-10-07,S
749, 29857973638318 ,Auto Elétrica Diamante EIRELI,Oficina mecânica,Recife,PE,Aldeota,05/09/2023,S
750,79866177067368,Importadora Roda Livre LTDA ME,Autopeças independente,São Paulo,SP,Moema,2023-11-06,S
751,23552165058714,Comercial Bandeirante ME,Retífica de motores,Belo Horizonte,MG,Batel,2022-05-26,S
752, 79089843699848 ,Importadora Nacional LTDA,Concessionária,Recife,PE,Barra,2024-07-30,S
753,69.484.249/5988-11,Comércio de Peças Bosch Car LTDA ME,Auto center,Brasília,DF,Boa Viagem,2023-01-30,S
754,67673820974619,Casa das Peças Anhanguera S/A,Auto center,Brasília,DF,Higienópolis,2024-04-24,S
755,96872258937085,Casa das Peças Bandeirante ME,Concessionária,Goiânia,GO,Asa Sul,2026-06-21,S
756,56.695.790/0124-82,Importadora Cruzeiro S/A,E-commerce de peças,Campinas,SP,Pinheiros,2022-10-01,S
757,94232894633891,Auto Parts Turbo ME,E-commerce de peças,Salvador,BA,Cambuí,2022-10-06,S
758,25629269335895,Comércio de Peças Master EIRELI,Retífica de motores,Fortaleza,CE,Pituba,2026-01-30,S
759,85.095.744/3034-91,Comércio de Peças Brasil S/A,Retífica de motores,Recife,PE,Jardins,2021-10-18,S
760,59340153641547,Loja Real ME,Oficina mecânica,Manaus,AM,Ipanema,2024-01-25,S
761,67.813.675/0094-21,Comércio de Peças Real ME,Retífica de motores,Curitiba,PR,Bela Vista,2023-01-30,S
762,98780927045238,Casa das Peças Nacional ME,Oficina mecânica,Rio de Janeiro,RJ,Higienópolis,2021-09-19,S
763,60598678744227,Centro Automotivo Prime EIRELI,E-commerce de peças,Recife,PE,Vila Madalena,2022-10-11,S
764,94282491165020,Loja Econômica S/A,Oficina mecânica,Salvador,BA,Barra,2025-07-12,N
765,21.551.305/5708-36,Rede União EIRELI,Retífica de motores,Curitiba,PR,Bela Vista,2021-07-22,S
766,99727367746202,Auto Elétrica Central ME,Concessionária,Recife,PE,Moema,13/08/2022,S
767,81.231.239/2049-10,Comércio de Peças Vitória LTDA ME,Retífica de motores,Belo Horizonte,MG,Boa Viagem,2022-07-22,S
768,75082768172257,Importadora União EIRELI,Oficina mecânica,Brasília,DF,Pinheiros,2022-01-25,S
769,05291876831608,Centro Automotivo Cruzeiro ME,Retífica de motores,Goiânia,GO,Meireles,2023-08-26,S
770,39920522299936,Auto Elétrica Garra LTDA,Rede de autopeças,Manaus,AM,Barra,2023-09-17,S
771, 32553983584461 ,RETÍFICA RODOVIA ME,Auto center,Belo Horizonte,MG,Pinheiros,2021-12-05,S
772,95.449.791/2799-70,AUTO PARTS MARAJÓ LTDA,Auto center,São Paulo,SP,Aldeota,2023-08-16,S
773,13.752.988/3220-12,Auto Elétrica Paulista ME,Autopeças independente,Fortaleza,CE,Jardins,2022-08-17,S
774,79.788.897/5358-52,REDE CRUZEIRO ME,Rede de autopeças,Brasília,DF,Setor Bueno,06/05/2023,S
775,19.951.715/2391-02,Peças e Serviços Prime LTDA,Oficina mecânica,Recife,PE,Pituba,2026-04-24,S
776, 83093096713971 ,Casa das Peças Marajó LTDA,Concessionária,Manaus,AM,Savassi,20/10/2024,S
777,76720191116612,Retífica Roda Livre EIRELI,Autopeças independente,Manaus,AM,Bela Vista,2026-05-26,S
778, 39304936653802 ,Mecânica Garra ME,E-commerce de peças,Curitiba,PR,Setor Bueno,2022-02-12,S
779,40868250952294,Auto Center Potência EIRELI,Funilaria e pintura,Rio de Janeiro,RJ,Moema,2026-04-29,S
780,03995297013712,Auto Parts Onix LTDA ME,Oficina mecânica,Manaus,AM,Batel,2025-09-03,S
781,41202706159273,Rede Real S/A,Autopeças independente,São Paulo,SP,Moema,2021-07-18,S
782,06322481554203,Auto Elétrica Bosch Car EIRELI,Retífica de motores,Goiânia,GO,Pinheiros,2024-10-31,S
783,75649157955462,Casa das Peças Max LTDA ME,Retífica de motores,Goiânia,GO,Savassi,2023-04-16,N
784,18.103.068/3176-41,Retífica Brasil S/A,Autopeças independente,São Paulo,SP,Ipanema,2026-02-11,S
785,90150713806713,Mecânica Real LTDA,Funilaria e pintura,Belo Horizonte,MG,Setor Bueno,2024-05-14,S
786, 47436213009625 ,Casa das Peças Brasil LTDA ME,Oficina mecânica,Brasília,DF,Pituba,09/09/2021,N
787,80.533.962/7466-62,Mecânica Bandeirante ME,Retífica de motores,Rio de Janeiro,RJ,Pituba,2024-03-24,N
788,46661459011079,Auto Center Nacional LTDA,Retífica de motores,São Paulo,SP,Asa Sul,2021-12-12,S
789,81949053152049,COMÉRCIO DE PEÇAS LÍDER LTDA ME,E-commerce de peças,Brasília,DF,Pinheiros,2026-04-27,S
790,73.137.971/6698-41,PEÇAS E SERVIÇOS ANHANGUERA LTDA ME,Retífica de motores,Brasília,DF,Jardins,2022-05-14,S
791, 43325623899499 ,Distribuidora Real EIRELI,Auto center,Goiânia,GO,Vila Madalena,2024-01-12,S
792,20.370.878/2116-02,Comércio de Peças Garra LTDA,E-commerce de peças,Campinas,SP,Bela Vista,2024-07-07,S
793,72117088948018,Importadora Nacional ME,E-commerce de peças,Goiânia,GO,Aldeota,2022-06-07,S
794,88.397.857/0820-04,Importadora Diamante ME,Oficina mecânica,Salvador,BA,Pinheiros,2025-12-30,S
795, 96112879429688 ,Comercial Speed LTDA,Rede de autopeças,Porto Alegre,RS,Ipanema,29/10/2023,S
796,41.961.560/7832-74,Casa das Peças Nova Era EIRELI,Oficina mecânica,Rio de Janeiro,RJ,Aldeota,27/07/2021,S
797,62.409.649/6683-49,Comercial Rodovia LTDA ME,E-commerce de peças,Campinas,SP,Higienópolis,2025-12-08,S
798,22593648820893,Comércio de Peças Turbo LTDA ME,Funilaria e pintura,Recife,PE,Asa Sul,2023-03-07,S
799,87.991.609/1141-31,Retífica Pista LTDA,Concessionária,Belo Horizonte,MG,Pituba,2023-04-12,S
800,52.304.588/1650-25,AUTO PEÇAS ONIX LTDA,Auto center,São Paulo,SP,Vila Madalena,2023-02-09,S
801,34.409.661/7718-24,Distribuidora Master LTDA,Autopeças independente,São Paulo,SP,Aldeota,2021-08-26,S
802,14174681359266,Distribuidora Marajó LTDA ME,Funilaria e pintura,Belo Horizonte,MG,Higienópolis,2023-03-09,S
803,69415594501192,AUTO PEÇAS ULTRA LTDA,Oficina mecânica,Brasília,DF,Moema,2026-01-03,S
804,03.988.636/5362-18,Distribuidora Roda Livre LTDA ME,Oficina mecânica,Recife,PE,Jardins,2021-06-03,N
805,94248942046648,Distribuidora Titan LTDA ME,Rede de autopeças,Campinas,SP,Centro,2022-03-26,S
806,56577580974533,Auto Peças Econômica ME,Autopeças independente,Porto Alegre,RS,Ipanema,2021-10-30,S
807,62265401659953,Peças e Serviços Garra ME,Concessionária,Recife,PE,Boa Viagem,2025-11-10,S
808,67.746.259/1601-12,CASA DAS PEÇAS SPEED S/A,Retífica de motores,Fortaleza,CE,Asa Sul,2023-02-04,S
809,60.080.179/8677-82,Auto Peças Nacional EIRELI,Concessionária,Brasília,DF,Centro,2023-07-28,S
810,72642612120384,Auto Parts Anhanguera LTDA ME,Auto center,Porto Alegre,RS,Pinheiros,2023-05-22,S
811,07852548242183,REDE BANDEIRANTE LTDA,E-commerce de peças,Brasília,DF,Vila Madalena,2021-11-05,S
812,54.752.311/2327-48,Centro Automotivo Turbo LTDA ME,Retífica de motores,Campinas,SP,Barra,30/11/2021,S
813,27203886217508,Peças e Serviços Popular ME,Retífica de motores,Campinas,SP,Asa Sul,2024-04-30,S
814,30693588249353,Distribuidora Brasil LTDA ME,Retífica de motores,Campinas,SP,Bela Vista,2026-06-12,S
815,65244454460838,Auto Parts Speed ME,Auto center,Rio de Janeiro,RJ,Higienópolis,2022-08-23,S
816,53.912.878/8486-99,Retífica Diamante LTDA,Concessionária,Campinas,SP,Cambuí,03/06/2021,S
817,27147246301986,AUTO ELÉTRICA BOSCH CAR ME,Funilaria e pintura,Manaus,AM,Boa Viagem,2025-01-14,S
818,91.218.706/2932-88,Auto Center Líder LTDA,Funilaria e pintura,Curitiba,PR,Savassi,2024-05-23,N
819,20.018.676/6100-89,Peças e Serviços Rota LTDA,Auto center,Curitiba,PR,Moema,16/07/2021,S
820,56140384531980,Importadora Potência EIRELI,Concessionária,Curitiba,PR,Cambuí,2021-12-18,S
821,00307620545967,Comércio de Peças Bosch Car LTDA ME,Autopeças independente,Rio de Janeiro,RJ,Moema,02/04/2024,N
822,65.411.340/7851-69,Loja União S/A,Auto center,Campinas,SP,Higienópolis,2023-03-01,S
823,68348268999626,AUTO CENTER ECONÔMICA S/A,Funilaria e pintura,Recife,PE,Savassi,2022-02-04,S
824,79150596257197,Rede Rodovia LTDA,Funilaria e pintura,Campinas,SP,Ipanema,2026-05-02,S
825,89.826.041/8095-21,Comercial do Sul LTDA ME,Oficina mecânica,Campinas,SP,Moema,2022-01-31,S
826,74692118824199,Retífica Aurora ME,Rede de autopeças,Belo Horizonte,MG,Pituba,2022-05-31,S
827,17.045.421/8545-70,Auto Elétrica Marajó ME,Concessionária,Goiânia,GO,Ipanema,18/11/2022,S
828,90016356407232,Distribuidora Master ME,Auto center,São Paulo,SP,Cambuí,2023-02-09,S
829,00.178.822/4731-26,Auto Elétrica Turbo LTDA,Oficina mecânica,Porto Alegre,RS,Ipanema,2024-04-06,S
830,01195092711526,Importadora Pista ME,Autopeças independente,Campinas,SP,Aldeota,2024-03-20,N
831,23.007.169/5007-41,AUTO PEÇAS TURBO EIRELI,E-commerce de peças,Goiânia,GO,Batel,04/11/2021,S
832,76989365294471,Peças e Serviços Brasil ME,Retífica de motores,Brasília,DF,Meireles,2022-05-09,S
833,13104502589632,Comércio de Peças Turbo LTDA ME,E-commerce de peças,Brasília,DF,Barra,2024-04-14,S
834,68.064.860/6739-83,Auto Elétrica Ipê ME,Funilaria e pintura,Belo Horizonte,MG,Barra,2023-04-06,S
835,46280550774065,Importadora Nova Era LTDA ME,Oficina mecânica,Campinas,SP,Boa Viagem,2022-02-25,S
836,90855107409131,Retífica Líder LTDA,Auto center,São Paulo,SP,Centro,15/03/2024,S
837,76022069535412,Comercial Paulista EIRELI,Concessionária,Porto Alegre,RS,Ipanema,2024-08-31,S
838,02601515325947,Auto Elétrica Popular LTDA ME,Autopeças independente,São Paulo,SP,Batel,2025-06-17,S
839,05950310064934,Auto Center Veloz EIRELI,Retífica de motores,Brasília,DF,Jardins,2026-04-16,S
840,08941184913599,Loja Max EIRELI,Oficina mecânica,Recife,PE,Cambuí,2023-09-11,S
841,61006799006968,Auto Center Veloz LTDA,Auto center,Salvador,BA,Barra,2025-10-02,S
842, 42339449530067 ,Auto Parts Central LTDA,Concessionária,Brasília,DF,Ipanema,2022-02-06,S
843,73654262417842,MECÂNICA GUARÁ EIRELI,Concessionária,Rio de Janeiro,RJ,Savassi,2025-03-11,N
844,09060530886843,Comercial Econômica LTDA ME,Retífica de motores,Manaus,AM,Batel,2024-12-29,S
845, 45759887592129 ,Distribuidora Roda Livre ME,Rede de autopeças,São Paulo,SP,Boa Viagem,2022-04-18,S
846,27.558.214/7709-20,Comércio de Peças Speed LTDA,Concessionária,Manaus,AM,Vila Madalena,2025-08-19,S
847,19.215.818/9705-91,Auto Center Guará EIRELI,Rede de autopeças,Belo Horizonte,MG,Higienópolis,2024-12-24,S
848,59772168800537,Auto Center Pista LTDA ME,Funilaria e pintura,Goiânia,GO,Batel,2021-09-02,S
849,72.845.401/8227-20,Auto Peças Onix ME,E-commerce de peças,Goiânia,GO,Batel,2025-04-07,N
850,44.743.281/1659-93,Auto Elétrica Apex ME,Autopeças independente,Rio de Janeiro,RJ,Asa Sul,2024-08-12,S
851,23227752135302,Casa das Peças Garra LTDA ME,Autopeças independente,Manaus,AM,Jardins,2025-08-10,S
852,37775691983210,Importadora Cruzeiro LTDA ME,Retífica de motores,Goiânia,GO,Jardins,2023-10-06,S
853,98310438419662,Loja Nova Era LTDA ME,Funilaria e pintura,Belo Horizonte,MG,Jardins,2023-10-29,S
854,56670636219865,Auto Peças Anhanguera LTDA,E-commerce de peças,Brasília,DF,Vila Madalena,2026-04-19,S
855,49.339.650/4962-73,Importadora Garra LTDA,Rede de autopeças,Curitiba,PR,Batel,2023-12-11,S
856,25854218808799,RETÍFICA GARRA ME,Rede de autopeças,Recife,PE,Moema,2024-02-14,S
857,64.338.532/4725-05,DISTRIBUIDORA BRASIL ME,E-commerce de peças,Goiânia,GO,Ipanema,2025-05-10,S
858,76.054.576/9475-76,REDE PISTA ME,Oficina mecânica,Brasília,DF,Pituba,2023-03-02,S
859,66986163421254,Importadora Anhanguera S/A,Oficina mecânica,Porto Alegre,RS,Cambuí,2024-09-09,S
860,92559664721307,Retífica Bandeirante LTDA ME,Retífica de motores,Recife,PE,Setor Bueno,2025-09-12,N
861,48933261454307,Auto Center Rodovia LTDA,Auto center,Campinas,SP,Savassi,2021-06-29,S
862,52211587184523,Retífica Nacional LTDA ME,E-commerce de peças,Brasília,DF,Bela Vista,2022-08-21,S
863,47017320865237,Importadora Nacional LTDA ME,Rede de autopeças,Porto Alegre,RS,Aldeota,2022-01-28,N
864,00527810558000,Auto Center Titan LTDA,Concessionária,Porto Alegre,RS,Cambuí,2023-10-26,S
865,16094391368172,Auto Center Garra EIRELI,Rede de autopeças,Curitiba,PR,Bela Vista,2025-03-22,S
866,09.297.352/5953-32,AUTO CENTER PISTA ME,Funilaria e pintura,Belo Horizonte,MG,Boa Viagem,2025-11-28,N
867,73532366185076,Comercial Bandeirante ME,Auto center,Salvador,BA,Pituba,2024-02-27,S
868,82.360.107/1261-58,Centro Automotivo Nobre LTDA ME,Concessionária,Rio de Janeiro,RJ,Vila Madalena,2023-06-04,S
869,84.673.574/2233-22,RETÍFICA VELOZ S/A,Autopeças independente,Porto Alegre,RS,Batel,07/10/2023,S
870,92225606295350,Auto Elétrica Apex LTDA,Auto center,Campinas,SP,Asa Sul,2026-06-13,S
871,41307538418520,Retífica Roda Livre S/A,Concessionária,Fortaleza,CE,Pinheiros,2025-09-30,S
872,75.615.470/5549-12,Comércio de Peças Brasil LTDA,Rede de autopeças,Manaus,AM,Cambuí,2024-04-17,S
873,09196939578752,Importadora União EIRELI,Autopeças independente,Porto Alegre,RS,Boa Viagem,01/05/2024,S
874,97.121.241/3936-96,Loja Estrada S/A,Auto center,Rio de Janeiro,RJ,Pituba,2022-01-28,S
875,67.731.922/7607-59,Centro Automotivo Motor LTDA ME,Auto center,Belo Horizonte,MG,Meireles,2021-09-11,S
876,94319165430895,Comércio de Peças Potência S/A,Autopeças independente,Campinas,SP,Centro,27/01/2025,S
877,64.497.470/0026-87,Loja Ipê EIRELI,Rede de autopeças,Fortaleza,CE,Aldeota,2022-06-14,S
878,63.656.045/0063-55,Loja Roda Livre EIRELI,Autopeças independente,Rio de Janeiro,RJ,Boa Viagem,2023-06-08,S
879,11952963530597,Retífica Master ME,Retífica de motores,Fortaleza,CE,Meireles,2025-08-25,S
880,15948989596546,Mecânica Cruzeiro EIRELI,E-commerce de peças,Curitiba,PR,Moema,2025-08-05,S
881,91.699.939/3449-74,CASA DAS PEÇAS MAX LTDA,E-commerce de peças,Porto Alegre,RS,Higienópolis,2023-05-27,S
882,09586297398894,Importadora Central ME,Autopeças independente,Curitiba,PR,Boa Viagem,2024-12-16,S
883,07548534655792,Centro Automotivo União S/A,Autopeças independente,Fortaleza,CE,Setor Bueno,2024-09-11,S
884,29.390.025/1213-75,Retífica Brasil S/A,Rede de autopeças,Rio de Janeiro,RJ,Pituba,2022-06-19,S
885,61993145843456,Casa das Peças Ultra EIRELI,Funilaria e pintura,Brasília,DF,Meireles,2024-11-14,S
886,36.220.334/7424-63,Comércio de Peças Master LTDA ME,Auto center,Belo Horizonte,MG,Pinheiros,2025-04-26,S
887,00852946902177,Comercial Bosch Car ME,Funilaria e pintura,Brasília,DF,Jardins,2025-05-28,S
888,50.228.946/6527-52,Auto Center Marajó LTDA,Concessionária,Brasília,DF,Batel,2026-02-15,S
889,13303033467711,Comercial Apex LTDA ME,Oficina mecânica,Goiânia,GO,Pituba,2022-04-09,S
890,53024530123984,Comércio de Peças Guará LTDA,Funilaria e pintura,Salvador,BA,Setor Bueno,2024-09-30,S
891,01.722.240/5076-48,Mecânica Econômica LTDA ME,Retífica de motores,Goiânia,GO,Asa Sul,2022-01-28,S
892,92406583872725,AUTO PEÇAS VITÓRIA EIRELI,Retífica de motores,Goiânia,GO,Cambuí,2021-11-01,S
893,44.823.733/7912-12,Auto Peças Nacional S/A,Retífica de motores,Brasília,DF,Ipanema,19/10/2024,S
894,69017074039251,Auto Center Nacional LTDA,Concessionária,Brasília,DF,Boa Viagem,2023-04-05,S
895,64338722054221,Loja Turbo LTDA ME,E-commerce de peças,Fortaleza,CE,Meireles,2025-07-26,S
896, 08334447048878 ,Auto Parts Speed LTDA,Autopeças independente,Manaus,AM,Centro,01/06/2021,S
897,68519537749266,Loja Ultra EIRELI,Oficina mecânica,Goiânia,GO,Pituba,2026-05-06,S
898,25920616581292,Rede Apex EIRELI,Concessionária,Belo Horizonte,MG,Cambuí,2024-07-07,S
899,30.295.596/3637-26,CENTRO AUTOMOTIVO AURORA LTDA,E-commerce de peças,Recife,PE,Moema,2023-09-15,S
900,98085133138004,Auto Parts Roda Livre LTDA,Funilaria e pintura,Porto Alegre,RS,Moema,2021-06-14,S
901,12.154.815/8268-68,Importadora Apex S/A,E-commerce de peças,Belo Horizonte,MG,Cambuí,2021-11-14,S
902,06442006298778,Casa das Peças Nova Era LTDA ME,Oficina mecânica,Brasília,DF,Pinheiros,2025-07-19,S
903,19623421926221,Casa das Peças Marajó ME,Retífica de motores,Manaus,AM,Higienópolis,2025-07-10,S
904,47891179726999,Loja Turbo S/A,Retífica de motores,Rio de Janeiro,RJ,Savassi,2023-02-11,S
905,03.666.020/0053-28,Distribuidora Brasil EIRELI,Funilaria e pintura,São Paulo,SP,Cambuí,11/10/2025,S
906,38.380.582/6929-90,Centro Automotivo Prime LTDA ME,Rede de autopeças,Porto Alegre,RS,Barra,2024-05-02,S
907,38963376185186,Retífica Onix S/A,Retífica de motores,Brasília,DF,Savassi,2023-09-05,N
908,32823392188352,Peças e Serviços Bosch Car EIRELI,Retífica de motores,Rio de Janeiro,RJ,Centro,2022-01-31,S
909,76.106.592/0881-43,Peças e Serviços Potência LTDA ME,Auto center,Fortaleza,CE,Bela Vista,2024-04-01,S
910,96.983.845/7202-66,Centro Automotivo Roda Livre ME,Rede de autopeças,Salvador,BA,Ipanema,2022-08-09,S
911,25734989925539,Auto Elétrica Estrada ME,Autopeças independente,Rio de Janeiro,RJ,Centro,2023-02-21,S
912,72.966.941/7996-70,Importadora Nova Era EIRELI,Auto center,Campinas,SP,Setor Bueno,03/05/2026,S
913,83.984.167/3478-53,Loja Anhanguera S/A,Retífica de motores,Rio de Janeiro,RJ,Asa Sul,2022-06-08,S
914,92860521026270,Importadora Guará ME,Autopeças independente,São Paulo,SP,Asa Sul,2022-06-12,S
915, 30889830574883 ,Centro Automotivo Nova Era LTDA ME,Retífica de motores,Rio de Janeiro,RJ,Barra,2022-01-05,N
916,50.003.056/6199-53,PEÇAS E SERVIÇOS POTÊNCIA LTDA,Oficina mecânica,Fortaleza,CE,Meireles,2024-07-28,S
917,46.790.870/1872-60,Casa das Peças Econômica LTDA,Rede de autopeças,Brasília,DF,Setor Bueno,2025-03-28,S
918,29906745686524,Importadora Popular EIRELI,Concessionária,Porto Alegre,RS,Vila Madalena,2024-06-14,S
919,56222190533470,Auto Parts Aurora S/A,Auto center,Belo Horizonte,MG,Cambuí,2023-03-22,S
920,96.521.383/5071-24,Auto Elétrica Motor S/A,Funilaria e pintura,Curitiba,PR,Barra,2022-10-20,S
921,21173277264883,Mecânica Fênix ME,Oficina mecânica,Campinas,SP,Setor Bueno,23/09/2022,S
922,25161857591710,Auto Elétrica Popular S/A,Autopeças independente,Salvador,BA,Aldeota,2022-10-14,S
923,73535247841715,Auto Parts Econômica EIRELI,Auto center,Porto Alegre,RS,Meireles,2021-05-31,N
924,78803318361133,Casa das Peças Bosch Car S/A,Concessionária,Curitiba,PR,Higienópolis,2021-09-30,S
925, 15278730486251 ,Loja Turbo ME,E-commerce de peças,Brasília,DF,Barra,2025-11-30,S
926,01891567344671,Mecânica Anhanguera LTDA ME,Rede de autopeças,Brasília,DF,Moema,2021-12-25,S
927,36299946645099,Auto Peças Cruzeiro LTDA,Autopeças independente,Curitiba,PR,Higienópolis,2021-06-12,S
928,90835211896844,Auto Center Estrada S/A,Rede de autopeças,Curitiba,PR,Aldeota,2023-09-19,S
929,28575958281902,Auto Peças Garra S/A,Auto center,Fortaleza,CE,Moema,2026-04-21,S
930, 88397170598445 ,LOJA BOSCH CAR ME,Funilaria e pintura,Porto Alegre,RS,Pinheiros,2024-02-12,S
931,12303885681193,Peças e Serviços Estrada S/A,Retífica de motores,Rio de Janeiro,RJ,Centro,2021-11-30,S
932, 92177905528669 ,REDE TITAN S/A,Retífica de motores,Goiânia,GO,Centro,2025-09-18,S
933,05.326.011/9391-03,Auto Peças União EIRELI,Auto center,Fortaleza,CE,Barra,2026-04-11,S
934,90858181045024,Mecânica Rodovia EIRELI,Funilaria e pintura,São Paulo,SP,Bela Vista,2023-06-25,S
935,62.713.589/6933-53,Auto Parts Popular LTDA ME,Oficina mecânica,Recife,PE,Setor Bueno,01/05/2024,S
936, 15663979255116 ,Centro Automotivo Central S/A,Autopeças independente,Curitiba,PR,Pituba,2026-05-22,S
937,02896660534281,Importadora Central LTDA,E-commerce de peças,Fortaleza,CE,Savassi,21/07/2022,S
938, 75358464051038 ,Retífica Prime ME,Funilaria e pintura,Manaus,AM,Meireles,2026-01-16,S
939,14.447.189/3953-09,AUTO ELÉTRICA MASTER LTDA ME,Autopeças independente,Brasília,DF,Centro,2022-05-12,S
940,88498745513587,Peças e Serviços Guará ME,Retífica de motores,Belo Horizonte,MG,Vila Madalena,28/11/2023,S
941,11.640.343/9881-87,Mecânica Master S/A,Auto center,Brasília,DF,Barra,2023-07-09,S
942,77041309091538,Comercial Ouro LTDA ME,Concessionária,Porto Alegre,RS,Asa Sul,2022-04-27,S
943,41231905772044,Peças e Serviços Paulista ME,E-commerce de peças,São Paulo,SP,Ipanema,2026-01-20,S
944,81.097.941/2248-70,Auto Peças Pista LTDA ME,Rede de autopeças,Curitiba,PR,Boa Viagem,2021-07-17,S
945,42.240.432/6118-90,Peças e Serviços Master ME,Rede de autopeças,Fortaleza,CE,Centro,2025-09-27,S
946,72020095366219,Comercial do Sul LTDA ME,Autopeças independente,Recife,PE,Cambuí,2026-03-11,N
947,73.259.007/3971-30,Peças e Serviços Real LTDA ME,Retífica de motores,Rio de Janeiro,RJ,Bela Vista,2024-12-05,S
948,67.221.045/4617-19,Mecânica Fortaleza LTDA ME,Retífica de motores,Rio de Janeiro,RJ,Barra,25/09/2023,S
949,34422521602523,Loja Brasil S/A,Concessionária,Belo Horizonte,MG,Aldeota,27/02/2023,S
950,26903265513276,Rede Guará LTDA,E-commerce de peças,Fortaleza,CE,Batel,24/03/2024,S
951,59.851.602/1191-58,Mecânica Brasil S/A,Retífica de motores,Salvador,BA,Setor Bueno,2021-05-30,S
952,64.786.862/3760-08,Rede Paulista S/A,Auto center,Brasília,DF,Aldeota,2021-09-21,S
953, 19190749921640 ,Comercial Max ME,Funilaria e pintura,Brasília,DF,Cambuí,2024-05-21,S
954,84864708213986,Distribuidora Max ME,Concessionária,Porto Alegre,RS,Boa Viagem,2022-11-19,S
955,72055033000088,Auto Center Estrada S/A,Rede de autopeças,Manaus,AM,Centro,26/06/2025,N
956,99.114.160/0916-92,Mecânica Titan S/A,Funilaria e pintura,Brasília,DF,Aldeota,2026-01-20,S
957,06085481867463,Comercial Onix ME,E-commerce de peças,Goiânia,GO,Savassi,05/05/2026,S
958,71181519854582,Mecânica Speed ME,E-commerce de peças,Curitiba,PR,Centro,2021-06-15,N
959,53466075699944,Casa das Peças Fênix LTDA ME,E-commerce de peças,Curitiba,PR,Jardins,2021-05-29,S
960,24.028.182/2387-94,Mecânica Motor EIRELI,Concessionária,Brasília,DF,Moema,06/10/2025,S
961,52735364235700,Casa das Peças Fênix S/A,Retífica de motores,Manaus,AM,Savassi,2026-05-28,S
962,61.255.904/6100-79,Auto Center Ultra LTDA,Rede de autopeças,Campinas,SP,Higienópolis,2025-05-29,S
963,71012329615120,Centro Automotivo Ultra LTDA ME,Oficina mecânica,Belo Horizonte,MG,Cambuí,2023-03-10,S
964,44.604.227/6346-01,Centro Automotivo Nobre ME,Autopeças independente,Manaus,AM,Setor Bueno,2024-03-05,S
965, 43586176822512 ,Comércio de Peças Veloz LTDA,Concessionária,Belo Horizonte,MG,Vila Madalena,2022-02-05,S
966,56224197687849,Auto Elétrica Veloz S/A,Retífica de motores,Recife,PE,Meireles,2023-01-10,S
967,61.848.974/2235-43,Comercial Onix LTDA,Rede de autopeças,São Paulo,SP,Cambuí,2025-11-04,S
968,49525492064411,Auto Center Roda Livre S/A,Auto center,Recife,PE,Batel,2024-02-07,S
969,63.435.948/8218-84,Auto Elétrica Turbo LTDA,Rede de autopeças,São Paulo,SP,Savassi,2022-04-26,S
970,21254341230160,Distribuidora Ouro LTDA ME,Rede de autopeças,São Paulo,SP,Bela Vista,2022-12-05,S
971,32.031.978/9990-11,Mecânica Econômica LTDA,Funilaria e pintura,São Paulo,SP,Pituba,2024-09-14,S
972,78601625908419,Comércio de Peças Bandeirante EIRELI,Auto center,Goiânia,GO,Savassi,2023-01-27,N
973, 53582107288780 ,Auto Center Bosch Car LTDA ME,Autopeças independente,Fortaleza,CE,Vila Madalena,2025-12-24,S
974,88.197.223/9964-77,Peças e Serviços Paulista LTDA,Auto center,São Paulo,SP,Vila Madalena,2023-12-29,S
975,02.480.855/7800-24,Loja Diamante ME,Funilaria e pintura,Rio de Janeiro,RJ,Savassi,2025-01-17,S
976,69.685.746/7067-51,Importadora Estrada EIRELI,Retífica de motores,São Paulo,SP,Batel,2022-03-22,S
977,16.426.107/0335-08,Distribuidora Turbo LTDA,Concessionária,São Paulo,SP,Barra,2023-03-23,S
978,84.813.004/1691-05,Centro Automotivo Ultra LTDA ME,Oficina mecânica,Porto Alegre,RS,Higienópolis,2024-12-13,S
979,46.339.534/8110-50,Mecânica Nova Era EIRELI,E-commerce de peças,Manaus,AM,Batel,2024-01-03,S
980,61.573.855/1281-77,Auto Parts Fênix EIRELI,Concessionária,Goiânia,GO,Pituba,2022-10-28,S
981,54260972360244,Mecânica Veloz LTDA ME,Oficina mecânica,Salvador,BA,Jardins,2022-03-25,S
982,10730871564783,Distribuidora Pista LTDA ME,Autopeças independente,Fortaleza,CE,Barra,21/12/2021,S
983,74.148.572/6029-25,Auto Parts Prime LTDA ME,Rede de autopeças,Belo Horizonte,MG,Aldeota,2023-03-20,S
984,40766420763271,RETÍFICA FORTALEZA LTDA ME,Funilaria e pintura,Brasília,DF,Batel,2023-07-07,S
985,38.687.906/0488-69,Auto Peças Guará LTDA,Oficina mecânica,Belo Horizonte,MG,Centro,2025-08-09,S
986,27396159764053,Retífica Apex S/A,Autopeças independente,Goiânia,GO,Aldeota,2022-11-13,S
987,54261903842273,Importadora Ouro ME,Concessionária,Salvador,BA,Boa Viagem,2022-05-31,S
988,27111757691716,Auto Parts Líder EIRELI,Concessionária,Campinas,SP,Asa Sul,2025-06-29,S
989,98.305.216/9039-22,Comercial Bosch Car LTDA,Rede de autopeças,Recife,PE,Asa Sul,2024-07-03,S
990,47106801770316,Auto Elétrica Prime LTDA,Autopeças independente,Recife,PE,Meireles,2023-08-01,S
991, 72446931729476 ,Auto Elétrica do Sul S/A,Autopeças independente,Recife,PE,Pinheiros,2023-04-26,S
992,40259985193932,Mecânica Cruzeiro LTDA,Auto center,Salvador,BA,Savassi,29/01/2022,S
993,50.496.026/6765-27,Auto Parts Estrada S/A,E-commerce de peças,Curitiba,PR,Ipanema,2023-09-27,N
994,08864067560208,Auto Elétrica Turbo S/A,Retífica de motores,Manaus,AM,Boa Viagem,2024-08-12,S
995,43904489093225,AUTO PARTS VELOZ EIRELI,Autopeças independente,Salvador,BA,Batel,2025-02-25,S
996,55019354503698,Distribuidora Ouro S/A,E-commerce de peças,Campinas,SP,Barra,2021-07-24,S
997,43629620805983,Centro Automotivo Master S/A,E-commerce de peças,Belo Horizonte,MG,Cambuí,2025-06-03,S
998,59992012376317,Retífica Potência LTDA,Oficina mecânica,Recife,PE,Pinheiros,2022-02-03,S
999,19375919226713,Centro Automotivo Cruzeiro ME,Funilaria e pintura,Porto Alegre,RS,Asa Sul,2024-02-10,S
1000,86461209617300,Rede Pista EIRELI,E-commerce de peças,Belo Horizonte,MG,Boa Viagem,20/06/2021,S
1001,53550514321914,PEÇAS E SERVIÇOS DIAMANTE LTDA ME,Autopeças independente,Rio de Janeiro,RJ,Aldeota,2023-05-04,S
1002,79.254.221/8834-58,AUTO PARTS NOBRE LTDA ME,Autopeças independente,Porto Alegre,RS,Vila Madalena,2024-01-21,S
1003,93.332.998/6515-90,Auto Elétrica Paulista LTDA,E-commerce de peças,Recife,PE,Cambuí,2023-09-28,S
1004,88382567262084,Peças e Serviços Bosch Car ME,Concessionária,Salvador,BA,Cambuí,2022-06-10,S
1005,96.282.225/0182-56,LOJA NACIONAL S/A,E-commerce de peças,Rio de Janeiro,RJ,Asa Sul,2023-09-23,S
1006,01223414992900,Importadora Bandeirante LTDA ME,Auto center,Campinas,SP,Asa Sul,2022-04-30,S
1007,09563217400391,COMÉRCIO DE PEÇAS POTÊNCIA ME,Retífica de motores,Salvador,BA,Meireles,2024-05-22,S
1008,22.471.193/6006-08,Comercial Guará EIRELI,Autopeças independente,Belo Horizonte,MG,Vila Madalena,2023-11-12,S
1009,76264385009537,PEÇAS E SERVIÇOS PRIME ME,Retífica de motores,São Paulo,SP,Savassi,2025-11-08,S
1010,61094416423165,Peças e Serviços Aurora LTDA ME,E-commerce de peças,Curitiba,PR,Pituba,2023-02-14,S
1011,85760634942904,Auto Center Roda Livre LTDA,Auto center,Recife,PE,Aldeota,2022-04-08,N
1012,79993242024837,Distribuidora Ipê ME,E-commerce de peças,Rio de Janeiro,RJ,Ipanema,2022-12-11,S
1013,38694790254853,Casa das Peças Potência S/A,Concessionária,Salvador,BA,Aldeota,2022-07-19,S
1014,64100953855742,Loja Potência S/A,E-commerce de peças,Brasília,DF,Jardins,2024-02-27,S
1015,78146047614378,Distribuidora Apex LTDA ME,Funilaria e pintura,Curitiba,PR,Moema,2021-09-27,S
1016,56467263681541,Peças e Serviços Roda Livre LTDA ME,Autopeças independente,Fortaleza,CE,Boa Viagem,2021-10-04,S
1017,08.450.786/0435-66,Rede Brasil LTDA ME,Autopeças independente,Rio de Janeiro,RJ,Vila Madalena,2024-06-25,S
1018,30677306718222,Casa das Peças Pista EIRELI,Auto center,Curitiba,PR,Centro,2022-04-24,S
1019,88653859067396,Auto Center Central S/A,Concessionária,Fortaleza,CE,Bela Vista,2023-07-11,S
1020,05.504.922/1704-86,Mecânica Roda Livre LTDA,Rede de autopeças,Recife,PE,Meireles,26/03/2024,S
1021,16.290.739/9289-19,IMPORTADORA POTÊNCIA ME,Auto center,São Paulo,SP,Cambuí,2021-08-30,S
1022,37170864942694,IMPORTADORA BOSCH CAR EIRELI,Funilaria e pintura,Curitiba,PR,Centro,29/04/2026,S
1023,99670692195873,Casa das Peças Bandeirante S/A,Concessionária,Salvador,BA,Asa Sul,2024-08-28,S
1024,02178167806643,Importadora do Sul EIRELI,Autopeças independente,Curitiba,PR,Batel,2024-01-12,S
1025,81503701709264,REDE REAL S/A,Autopeças independente,Campinas,SP,Jardins,2024-06-06,S
1026,72.628.296/8244-85,Distribuidora Central S/A,Autopeças independente,Rio de Janeiro,RJ,Cambuí,2024-07-02,S
1027,74.116.806/9196-12,Importadora Garra LTDA,Concessionária,Belo Horizonte,MG,Centro,2022-01-08,S
1028, 70263444359624 ,REDE NOBRE ME,Auto center,Rio de Janeiro,RJ,Setor Bueno,2022-10-18,S
1029, 24253690912375 ,Auto Center Potência LTDA ME,E-commerce de peças,Campinas,SP,Jardins,2026-03-19,S
1030,70.243.652/4055-36,Importadora Central LTDA ME,Retífica de motores,Recife,PE,Asa Sul,2023-03-28,S
1031,64882159773854,Auto Peças Master LTDA ME,Funilaria e pintura,Curitiba,PR,Pinheiros,2022-06-05,S
1032,98649125949722,Auto Peças Fênix LTDA ME,Concessionária,Goiânia,GO,Vila Madalena,2024-05-21,S
1033,06.661.799/6235-69,Auto Peças Garra S/A,Funilaria e pintura,Belo Horizonte,MG,Pinheiros,2023-10-21,S
1034,77925604134820,Retífica Potência LTDA,E-commerce de peças,Fortaleza,CE,Bela Vista,2021-09-26,S
1035,12.260.001/4407-62,CASA DAS PEÇAS DO SUL ME,E-commerce de peças,Goiânia,GO,Setor Bueno,2024-04-17,S
1036,13410389752872,CENTRO AUTOMOTIVO AURORA LTDA ME,Rede de autopeças,Goiânia,GO,Batel,2024-06-26,S
1037,59208235309766,Importadora Real LTDA ME,E-commerce de peças,São Paulo,SP,Higienópolis,2024-02-05,S
1038,56820175307966,Auto Center Líder LTDA ME,Rede de autopeças,São Paulo,SP,Setor Bueno,2024-02-09,S
1039,43.474.125/3137-95,Centro Automotivo Bosch Car ME,Auto center,São Paulo,SP,Moema,2024-10-24,S
1040,03619202599919,Comércio de Peças Max LTDA,Funilaria e pintura,Salvador,BA,Boa Viagem,2023-07-23,S
1041,47.489.047/6078-62,Auto Peças Pista LTDA ME,Retífica de motores,Porto Alegre,RS,Moema,2023-05-29,S
1042,08517328951456,Comercial Rodovia S/A,Autopeças independente,Campinas,SP,Bela Vista,2023-08-04,N
1043,81157449653916,Distribuidora Pista EIRELI,Auto center,Salvador,BA,Barra,2024-05-28,S
1044,45.418.403/9822-18,Importadora Potência LTDA,Rede de autopeças,São Paulo,SP,Ipanema,2024-07-14,S
1045,86.407.880/2652-95,Retífica Ultra S/A,Rede de autopeças,Brasília,DF,Meireles,29/02/2024,S
1046,62303974408806,Casa das Peças Nacional ME,Auto center,Salvador,BA,Savassi,2026-05-13,S
1047,18.431.132/6611-58,Auto Center Aurora LTDA ME,Autopeças independente,Goiânia,GO,Savassi,15/02/2023,S
1048,60.472.205/3970-77,Auto Elétrica Real LTDA,E-commerce de peças,Campinas,SP,Batel,2023-02-21,S
1049,17146199539467,Loja Diamante ME,Concessionária,Curitiba,PR,Pinheiros,2022-07-01,S
1050,30261840257870,Loja Brasil LTDA,Rede de autopeças,Salvador,BA,Jardins,2023-06-17,S
1051,60502816409891,Auto Parts Ouro ME,Autopeças independente,Curitiba,PR,Barra,2024-08-10,S
1052,52094523759795,Distribuidora Ultra LTDA,Concessionária,Belo Horizonte,MG,Higienópolis,2023-05-17,S
1053,75745449205489,Mecânica Speed LTDA,Oficina mecânica,Belo Horizonte,MG,Centro,2023-02-03,S
1054,89655834456622,Comércio de Peças Ipê LTDA ME,Auto center,Rio de Janeiro,RJ,Barra,2026-01-19,S
1055,16248607047266,Mecânica Aurora EIRELI,Retífica de motores,Recife,PE,Ipanema,2025-08-28,S
1056,01.731.671/5605-87,Auto Elétrica do Sul LTDA,Concessionária,Campinas,SP,Cambuí,2025-01-11,S
1057,40645315790571,Rede Nova Era S/A,Retífica de motores,Goiânia,GO,Vila Madalena,2021-06-17,S
1058,69365618335974,Auto Parts Guará LTDA,Autopeças independente,Porto Alegre,RS,Barra,2021-07-14,S
1059,77.184.301/9220-95,Auto Elétrica Potência S/A,Funilaria e pintura,Manaus,AM,Meireles,2022-03-31,S
1060,39.644.028/2532-67,Comercial Guará LTDA ME,Concessionária,Belo Horizonte,MG,Barra,24/07/2022,S
1061,23852023209140,Auto Peças Master S/A,Funilaria e pintura,Manaus,AM,Batel,2024-04-21,S
1062,71998290755154,Importadora Aurora LTDA ME,Autopeças independente,Porto Alegre,RS,Moema,2025-10-04,S
1063,10.064.332/2622-77,Auto Center Pista S/A,Funilaria e pintura,Curitiba,PR,Jardins,2022-01-18,S
1064,47070385036059,Loja do Sul EIRELI,E-commerce de peças,Recife,PE,Jardins,2026-01-29,S
1065,40.274.067/5826-76,Auto Center Vitória LTDA,Autopeças independente,Manaus,AM,Barra,2023-11-24,S
1066,85646149745979,Centro Automotivo Econômica S/A,Auto center,Curitiba,PR,Moema,2025-04-11,S
1067,86099550493266,Auto Parts Pista LTDA ME,Funilaria e pintura,Manaus,AM,Savassi,2025-01-13,S
1068,98.115.948/5340-01,Loja Popular ME,Rede de autopeças,Brasília,DF,Bela Vista,2023-08-25,S
1069,74225678718882,CENTRO AUTOMOTIVO FÊNIX S/A,Auto center,Porto Alegre,RS,Setor Bueno,21/02/2026,N
1070,06134956479984,Retífica Paulista S/A,Rede de autopeças,Brasília,DF,Pinheiros,30/07/2025,S
1071,83097236108092,Comercial Nacional LTDA ME,Concessionária,Campinas,SP,Cambuí,2025-10-16,S
1072,86.457.865/5575-12,Centro Automotivo Aurora LTDA,E-commerce de peças,Campinas,SP,Aldeota,2023-03-30,S
1073,82405166545122,Rede Marajó S/A,E-commerce de peças,Recife,PE,Setor Bueno,2023-03-26,N
1074,38.686.083/5701-70,Casa das Peças Potência EIRELI,Autopeças independente,Curitiba,PR,Meireles,18/04/2023,S
1075,02050898309413,Loja Vitória LTDA,Autopeças independente,Recife,PE,Pituba,2023-02-28,S
1076,72452841356948,Retífica Cruzeiro EIRELI,Autopeças independente,Goiânia,GO,Pinheiros,2024-08-06,S
1077,48095739405980,Distribuidora Cruzeiro S/A,Rede de autopeças,Fortaleza,CE,Batel,2023-11-19,S
1078,31589258490734,Distribuidora Rota LTDA ME,Auto center,São Paulo,SP,Vila Madalena,2024-12-08,S
1079,51418648230882,Comercial Paulista EIRELI,Rede de autopeças,Goiânia,GO,Vila Madalena,2022-11-16,S
1080,32.605.869/4276-74,Comercial Cruzeiro LTDA ME,Funilaria e pintura,Campinas,SP,Meireles,29/11/2025,S
1081,15.181.788/2426-55,Auto Elétrica Econômica ME,Autopeças independente,Campinas,SP,Batel,2021-07-06,S
1082,17989022379006,Importadora Turbo EIRELI,Auto center,Fortaleza,CE,Aldeota,2022-11-24,S
1083,41.767.553/9818-89,Comercial Potência LTDA,Funilaria e pintura,Manaus,AM,Moema,12/06/2024,S
1084,08945896268384,Retífica Master LTDA,Rede de autopeças,Goiânia,GO,Centro,2021-08-01,S
1085,12396121905188,Casa das Peças Econômica S/A,Rede de autopeças,Recife,PE,Centro,2026-04-04,S
1086,06690107923729,Rede Cruzeiro S/A,Funilaria e pintura,Fortaleza,CE,Vila Madalena,2026-03-21,S
1087,70350675789683,Loja Fortaleza LTDA ME,Auto center,Goiânia,GO,Savassi,07/08/2023,S
1088,31.555.057/0521-87,Comércio de Peças Ouro EIRELI,E-commerce de peças,Campinas,SP,Bela Vista,2023-06-04,S
1089,14147012350368,Auto Elétrica Popular LTDA,Rede de autopeças,Rio de Janeiro,RJ,Aldeota,2026-06-05,S
1090,97.802.344/5684-46,Retífica Fortaleza LTDA ME,E-commerce de peças,Fortaleza,CE,Vila Madalena,2022-01-07,S
1091,16.329.573/7831-59,Importadora Nova Era LTDA ME,Concessionária,São Paulo,SP,Bela Vista,2021-11-16,S
1092,30291585423324,Rede Rota EIRELI,Oficina mecânica,Brasília,DF,Asa Sul,2024-02-29,S
1093,66.073.446/7462-15,AUTO ELÉTRICA CENTRAL LTDA ME,E-commerce de peças,Goiânia,GO,Savassi,17/06/2021,S
1094,05022181698141,Casa das Peças Fênix LTDA ME,E-commerce de peças,Fortaleza,CE,Jardins,2023-05-24,S
1095,83.774.029/2864-33,Rede Max LTDA,Rede de autopeças,Porto Alegre,RS,Pinheiros,2024-07-05,S
1096,18366771966661,Auto Parts Pista ME,Rede de autopeças,Belo Horizonte,MG,Jardins,2025-07-18,S
1097,23.499.801/3768-36,Mecânica Ultra LTDA ME,Autopeças independente,Belo Horizonte,MG,Cambuí,07/12/2021,S
1098,46144092335174,Importadora Bandeirante LTDA ME,Rede de autopeças,Porto Alegre,RS,Savassi,2022-06-15,S
1099,72631995695592,Loja Ultra LTDA,Auto center,Curitiba,PR,Jardins,2023-08-24,N
1100,50255134448672,Mecânica Vitória EIRELI,Funilaria e pintura,Brasília,DF,Barra,2023-08-29,S
1101,45461574932511,Auto Elétrica Nova Era LTDA ME,Auto center,Rio de Janeiro,RJ,Cambuí,18/03/2023,S
1102,04.095.437/7661-83,CENTRO AUTOMOTIVO DO SUL LTDA,Oficina mecânica,Belo Horizonte,MG,Higienópolis,2024-05-18,S
1103,14391511436786,Importadora Aurora LTDA,Autopeças independente,Curitiba,PR,Savassi,2023-09-18,N
1104,68.564.257/0680-26,Importadora Cruzeiro EIRELI,Funilaria e pintura,Campinas,SP,Boa Viagem,2021-06-05,S
1105, 06002302865505 ,Peças e Serviços Nacional LTDA,Retífica de motores,Curitiba,PR,Pituba,2024-12-07,N
1106,14.599.201/6633-82,Comercial Prime EIRELI,E-commerce de peças,Salvador,BA,Batel,18/01/2025,S
1107,05.620.190/1134-84,Mecânica Nobre ME,Funilaria e pintura,Belo Horizonte,MG,Bela Vista,2024-12-13,S
1108,32394564523428,Auto Peças Cruzeiro LTDA ME,E-commerce de peças,Rio de Janeiro,RJ,Boa Viagem,2022-06-06,S
1109,66.342.095/3677-34,Rede Cruzeiro LTDA ME,Oficina mecânica,Brasília,DF,Ipanema,2021-06-16,S
1110,52.665.591/4762-53,Mecânica Veloz EIRELI,Rede de autopeças,Rio de Janeiro,RJ,Ipanema,2025-11-01,S
1111,95247466535389,Retífica Brasil ME,Oficina mecânica,Recife,PE,Pinheiros,2026-06-12,S
1112,24.157.127/6383-54,MECÂNICA ESTRADA EIRELI,E-commerce de peças,Goiânia,GO,Vila Madalena,2023-06-24,S
1113,06168249793998,Rede Real LTDA,Oficina mecânica,Goiânia,GO,Bela Vista,2024-03-27,S
1114,71.030.737/2607-20,Retífica Guará LTDA,Rede de autopeças,Manaus,AM,Batel,2024-02-19,S
1115,93121463947625,Centro Automotivo Potência EIRELI,Concessionária,Porto Alegre,RS,Meireles,2023-02-10,S
1116,91.729.940/3694-81,Auto Parts Nova Era S/A,Rede de autopeças,Curitiba,PR,Vila Madalena,2025-10-29,S
1117,06.833.539/1016-12,Peças e Serviços Nobre ME,Autopeças independente,Campinas,SP,Asa Sul,16/09/2022,S
1118,13334437673481,Comércio de Peças Speed LTDA,E-commerce de peças,São Paulo,SP,Pituba,2026-03-31,S
1119,14811604991004,Auto Parts Real S/A,Autopeças independente,São Paulo,SP,Vila Madalena,2023-10-07,S
1120,68.019.903/4213-48,Auto Peças Ipê ME,E-commerce de peças,Rio de Janeiro,RJ,Moema,2022-10-28,S
1121,79179138601571,Centro Automotivo Pista LTDA,Retífica de motores,Manaus,AM,Setor Bueno,2024-03-09,S
1122,24702881411287,Retífica Max S/A,Auto center,São Paulo,SP,Vila Madalena,2022-12-29,S
1123,57646391381074,AUTO PARTS MASTER EIRELI,Rede de autopeças,Brasília,DF,Batel,2024-01-18,S
1124,01315350696261,Casa das Peças Max EIRELI,Oficina mecânica,Porto Alegre,RS,Pituba,2022-05-23,S
1125,02.547.179/8994-88,Loja Pista S/A,E-commerce de peças,Rio de Janeiro,RJ,Jardins,2022-08-28,N
1126,95.675.635/5842-27,Casa das Peças Motor EIRELI,Rede de autopeças,Rio de Janeiro,RJ,Centro,2024-03-09,S
1127,70014413068624,Comercial Onix LTDA,Auto center,São Paulo,SP,Vila Madalena,11/06/2024,S
1128,04172820762381,Comercial Roda Livre ME,Concessionária,Goiânia,GO,Boa Viagem,2023-12-27,S
1129,40847528359994,Distribuidora Líder EIRELI,Autopeças independente,Belo Horizonte,MG,Savassi,2024-12-04,S
1130,13.505.357/2289-20,Rede Ultra LTDA,Oficina mecânica,Rio de Janeiro,RJ,Aldeota,2022-03-22,S
1131,28010419453419,Centro Automotivo Real EIRELI,Concessionária,São Paulo,SP,Higienópolis,2022-10-21,S
1132,42802188930635,Auto Center Apex LTDA ME,Autopeças independente,Fortaleza,CE,Savassi,2021-11-17,S
1133,39743699055855,Auto Peças Rota S/A,E-commerce de peças,Rio de Janeiro,RJ,Boa Viagem,2021-11-27,S
1134,06969045289860,Auto Parts Estrada LTDA ME,Rede de autopeças,Manaus,AM,Aldeota,2024-10-20,S
1135,70.165.276/1368-14,Retífica Marajó S/A,Funilaria e pintura,Salvador,BA,Pituba,02/09/2025,S
1136,92.964.447/7250-84,Loja Pista EIRELI,E-commerce de peças,Goiânia,GO,Jardins,2025-01-23,S
1137, 24155369158557 ,CASA DAS PEÇAS FORTALEZA LTDA ME,Autopeças independente,Fortaleza,CE,Pinheiros,2023-02-02,N
1138,25703332959452,Centro Automotivo Estrada ME,Oficina mecânica,Porto Alegre,RS,Barra,2023-06-04,N
1139,29.662.991/7217-42,Auto Elétrica Motor LTDA ME,Autopeças independente,São Paulo,SP,Boa Viagem,2023-11-22,S
1140,39266937063250,Comercial do Sul EIRELI,Concessionária,Salvador,BA,Ipanema,2025-04-25,N
1141,06190193335937,Comercial Brasil LTDA,Autopeças independente,Belo Horizonte,MG,Cambuí,2024-11-03,S
1142, 22564718559407 ,Auto Center Bandeirante EIRELI,Concessionária,Recife,PE,Ipanema,2021-06-03,S
1143,23.167.781/4564-74,Distribuidora Fênix EIRELI,Retífica de motores,Curitiba,PR,Savassi,2023-04-19,S
1144,77.666.505/2761-20,Distribuidora Pista LTDA,Oficina mecânica,Campinas,SP,Moema,2024-11-28,S
1145,02.231.167/8706-76,Auto Center Estrada LTDA ME,Concessionária,Goiânia,GO,Ipanema,2023-07-11,S
1146,26.848.563/7114-29,Auto Peças Ultra LTDA ME,Autopeças independente,Rio de Janeiro,RJ,Barra,2024-10-12,S
1147,92313246598669,Importadora Brasil S/A,E-commerce de peças,Brasília,DF,Pituba,2026-01-04,S
1148,15.382.011/4065-26,Centro Automotivo Nova Era EIRELI,Rede de autopeças,Goiânia,GO,Batel,20/06/2022,S
1149, 55337565697648 ,Loja Prime EIRELI,Rede de autopeças,Porto Alegre,RS,Setor Bueno,2022-03-13,S
1150,04.625.069/2965-68,PEÇAS E SERVIÇOS ONIX LTDA ME,Concessionária,Rio de Janeiro,RJ,Aldeota,2022-10-19,S
1151,72.935.097/9344-21,Mecânica Estrada LTDA,E-commerce de peças,Manaus,AM,Meireles,2023-12-08,S
1152,78045797251840,Comércio de Peças Aurora LTDA ME,Concessionária,Fortaleza,CE,Batel,2025-04-24,S
1153,72.094.516/7670-63,Rede Motor ME,Concessionária,Curitiba,PR,Moema,2022-05-22,S
1154,00848426483336,Auto Elétrica Aurora ME,Rede de autopeças,Belo Horizonte,MG,Higienópolis,2022-02-20,S
1155,13.605.494/6920-85,Peças e Serviços Anhanguera ME,Autopeças independente,Fortaleza,CE,Ipanema,27/04/2022,S
1156,93.500.115/4617-58,Auto Elétrica Ipê S/A,Autopeças independente,Rio de Janeiro,RJ,Jardins,2024-05-02,S
1157,10404315668513,Loja Onix ME,Retífica de motores,Campinas,SP,Aldeota,12/06/2026,S
1158,03090168564717,Casa das Peças Bosch Car LTDA,Autopeças independente,Brasília,DF,Aldeota,2022-02-21,S
1159,16988371611586,Comércio de Peças Motor S/A,Rede de autopeças,Campinas,SP,Pinheiros,17/04/2022,S
1160,83326170505835,Loja Popular LTDA ME,Retífica de motores,Goiânia,GO,Batel,2023-08-10,S
1161,53399824266217,Auto Peças Rota S/A,Autopeças independente,Curitiba,PR,Vila Madalena,19/12/2021,S
1162,93.030.285/3272-76,Retífica Econômica LTDA,Funilaria e pintura,Fortaleza,CE,Jardins,2022-04-05,S
1163,85461308730897,Auto Peças Nova Era ME,Autopeças independente,Belo Horizonte,MG,Boa Viagem,2023-12-20,S
1164,77118425278630,CENTRO AUTOMOTIVO ULTRA ME,Concessionária,Fortaleza,CE,Asa Sul,2024-11-24,S
1165,47305777196199,Auto Parts Paulista LTDA ME,Rede de autopeças,Porto Alegre,RS,Vila Madalena,2025-09-09,S
1166,96833440095224,Casa das Peças Guará ME,Rede de autopeças,Goiânia,GO,Meireles,23/11/2023,S
1167,21.914.390/7054-73,Rede Brasil S/A,Oficina mecânica,Belo Horizonte,MG,Cambuí,2024-12-26,N
1168,10162600802658,Comércio de Peças Vitória S/A,E-commerce de peças,Manaus,AM,Higienópolis,2021-06-18,S
1169,35488357192149,Auto Peças Motor ME,Retífica de motores,Curitiba,PR,Bela Vista,2022-05-30,S
1170,64320317266528,AUTO PEÇAS PAULISTA ME,Oficina mecânica,Campinas,SP,Pituba,2023-11-16,S
1171,00.020.860/1460-51,Auto Parts Guará ME,Oficina mecânica,Porto Alegre,RS,Savassi,2024-07-14,S
1172,30335636930100,Mecânica Vitória LTDA ME,Funilaria e pintura,Campinas,SP,Centro,2024-06-16,S
1173,80283541589290,Distribuidora Líder LTDA ME,Funilaria e pintura,Porto Alegre,RS,Barra,2025-05-27,S
1174,28081226815947,Auto Elétrica Diamante LTDA,Autopeças independente,Recife,PE,Moema,2023-03-26,N
1175,83309673979842,Auto Center Real ME,Retífica de motores,Salvador,BA,Barra,2024-02-21,S
1176,50167671877628,AUTO ELÉTRICA REAL LTDA ME,Funilaria e pintura,Recife,PE,Ipanema,2021-08-17,N
1177,62762922666788,Auto Elétrica Apex LTDA ME,Funilaria e pintura,Manaus,AM,Pinheiros,2024-08-10,S
1178,22898907499359,PEÇAS E SERVIÇOS REAL LTDA ME,Oficina mecânica,Salvador,BA,Vila Madalena,2025-07-29,S
1179,76408385805014,Centro Automotivo Nova Era LTDA ME,Retífica de motores,Goiânia,GO,Meireles,2023-12-21,S
1180,95651887114860,Peças e Serviços Titan S/A,Oficina mecânica,Belo Horizonte,MG,Asa Sul,2024-05-10,S
1181,28787570302930,Distribuidora Estrada LTDA,Oficina mecânica,Campinas,SP,Pinheiros,2025-02-01,S
1182,74.290.695/2223-36,Peças e Serviços Garra LTDA,Autopeças independente,São Paulo,SP,Pituba,2023-06-28,S
1183,24266249753740,Auto Elétrica Turbo EIRELI,Retífica de motores,São Paulo,SP,Ipanema,2022-11-03,S
1184,74068735445345,Distribuidora Rodovia LTDA ME,Rede de autopeças,Campinas,SP,Bela Vista,2024-04-20,S
1185,48348358626736,Comércio de Peças Brasil LTDA,Oficina mecânica,Manaus,AM,Aldeota,2022-06-22,S
1186,70.894.326/9834-43,Casa das Peças Fortaleza EIRELI,Oficina mecânica,Brasília,DF,Setor Bueno,2022-04-04,S
1187,50928467200734,Auto Parts Veloz LTDA ME,Funilaria e pintura,São Paulo,SP,Pituba,2023-09-15,S
1188,54503801625851,Auto Peças Real LTDA,Autopeças independente,Goiânia,GO,Higienópolis,2025-01-14,S
1189,53.127.943/3795-31,Mecânica Rodovia EIRELI,Oficina mecânica,Curitiba,PR,Boa Viagem,2025-05-03,S
1190,74286625108573,REDE MARAJÓ LTDA,Oficina mecânica,Belo Horizonte,MG,Vila Madalena,2025-08-25,S
1191,19351174555370,Mecânica Paulista ME,Retífica de motores,Goiânia,GO,Asa Sul,2025-03-10,S
1192,15.756.264/1260-84,Centro Automotivo Nova Era S/A,Rede de autopeças,Belo Horizonte,MG,Jardins,2025-11-27,S
1193,19.630.399/5167-04,Auto Peças Central LTDA ME,Concessionária,Curitiba,PR,Savassi,2025-08-04,S
1194,43888048514202,COMÉRCIO DE PEÇAS VITÓRIA EIRELI,Funilaria e pintura,Curitiba,PR,Batel,2022-08-07,S
1195, 31342755767299 ,Comercial Econômica EIRELI,E-commerce de peças,Manaus,AM,Meireles,2025-08-06,S
1196,34369531029771,Rede Garra LTDA,Rede de autopeças,Brasília,DF,Aldeota,2024-01-26,S
1197,51732816291087,Rede Fortaleza S/A,Concessionária,Recife,PE,Pinheiros,2023-05-22,S
1198,57376710529877,LOJA SPEED S/A,E-commerce de peças,Rio de Janeiro,RJ,Moema,2024-08-30,S
1199, 04450020268387 ,Loja Bandeirante EIRELI,Funilaria e pintura,Curitiba,PR,Boa Viagem,2021-07-23,S
1200,67.603.040/9346-75,Loja Roda Livre S/A,Concessionária,Brasília,DF,Jardins,2023-01-01,N
1201,82721051334601,Casa das Peças Veloz ME,Concessionária,Curitiba,PR,Higienópolis,2021-08-11,S
1202,20831681636038,Retífica Brasil ME,Retífica de motores,Curitiba,PR,Centro,2021-07-02,S
1203,94.767.200/0521-41,Auto Peças Turbo LTDA ME,Autopeças independente,Brasília,DF,Higienópolis,2024-05-21,S
1204,89512370851191,Comercial Ultra EIRELI,E-commerce de peças,São Paulo,SP,Pituba,2023-03-09,S
1205,55.619.276/7137-71,Peças e Serviços Veloz S/A,Concessionária,Recife,PE,Savassi,2021-11-10,S
1206,67830557371388,Centro Automotivo Garra ME,Autopeças independente,Recife,PE,Setor Bueno,2021-12-28,S
1207,44.662.763/3041-17,Centro Automotivo Rota LTDA,E-commerce de peças,Rio de Janeiro,RJ,Setor Bueno,2022-05-03,S
1208,96863647046568,Rede Anhanguera LTDA ME,Auto center,Rio de Janeiro,RJ,Barra,2021-07-02,N
1209,83.793.631/5922-91,Importadora Cruzeiro S/A,Autopeças independente,Porto Alegre,RS,Moema,2023-09-24,N
1210,06291187228247,Loja Aurora LTDA,Autopeças independente,Porto Alegre,RS,Pinheiros,2023-12-22,S
1211,57898497499799,Rede Fênix LTDA,Concessionária,Fortaleza,CE,Higienópolis,2024-05-08,S
1212,65.818.981/0617-35,Auto Elétrica União LTDA,Retífica de motores,Salvador,BA,Aldeota,2022-05-23,S
1213,57261694963788,Loja Turbo ME,Autopeças independente,Salvador,BA,Savassi,2025-04-05,S
1214, 07167532163361 ,Auto Elétrica União LTDA,Oficina mecânica,Campinas,SP,Jardins,2026-05-22,S
1215,03729545858356,Auto Elétrica Speed EIRELI,Retífica de motores,Goiânia,GO,Meireles,2023-05-10,S
1216,25.517.419/2581-47,Comercial Veloz ME,Retífica de motores,Belo Horizonte,MG,Jardins,2022-04-23,S
1217,63.994.541/3845-31,COMÉRCIO DE PEÇAS ONIX LTDA,Autopeças independente,Brasília,DF,Pituba,2022-11-29,S
1218,59096459872408,Peças e Serviços Brasil ME,Auto center,Brasília,DF,Moema,2023-09-07,S
1219,11.339.736/7072-17,Peças e Serviços Rota EIRELI,Autopeças independente,Brasília,DF,Boa Viagem,2023-05-27,S
1220, 41983063236540 ,Mecânica Popular EIRELI,Retífica de motores,Manaus,AM,Setor Bueno,2024-02-22,S
1221,42.024.350/9476-51,Auto Peças Turbo EIRELI,Rede de autopeças,Brasília,DF,Asa Sul,2024-01-04,N
1222,41.475.398/9137-05,Mecânica Real LTDA,Concessionária,Goiânia,GO,Jardins,2022-12-04,S
1223,61103565942992,Distribuidora Central LTDA ME,Concessionária,Belo Horizonte,MG,Vila Madalena,2024-06-21,S
1224,92.295.338/6194-11,Comercial Roda Livre S/A,Funilaria e pintura,Recife,PE,Setor Bueno,2021-08-19,S
1225,24066283463348,Casa das Peças Motor LTDA ME,Funilaria e pintura,Campinas,SP,Bela Vista,2021-08-25,S
1226,40.865.424/3826-92,Retífica Popular ME,Autopeças independente,Goiânia,GO,Centro,2021-07-24,S
1227,28.895.947/0396-96,Mecânica Anhanguera LTDA ME,Oficina mecânica,Salvador,BA,Jardins,2023-01-30,S
1228, 88300995428873 ,Peças e Serviços Ipê S/A,Rede de autopeças,Rio de Janeiro,RJ,Vila Madalena,2023-02-17,S
1229,99470617069014,Comercial Nobre S/A,Retífica de motores,Brasília,DF,Aldeota,2022-03-15,S
1230,75665051886016,Comercial do Sul ME,E-commerce de peças,Recife,PE,Meireles,2021-11-30,S
1231,96.985.045/0566-93,Distribuidora Pista ME,Autopeças independente,Salvador,BA,Vila Madalena,2021-12-14,N
1232,89257140250385,Rede Speed S/A,Concessionária,Manaus,AM,Moema,2021-12-02,S
1233,84.936.806/3585-30,Auto Peças do Sul S/A,Concessionária,Curitiba,PR,Cambuí,2024-11-21,S
1234,30.485.277/5867-03,Importadora Speed LTDA ME,Concessionária,Goiânia,GO,Setor Bueno,2022-07-01,S
1235,94.689.633/1812-33,Distribuidora Bosch Car LTDA,Rede de autopeças,Curitiba,PR,Barra,2022-08-04,S
1236,44577626263678,REDE REAL LTDA ME,Auto center,Fortaleza,CE,Ipanema,30/11/2022,S
1237,43485295377403,Casa das Peças Bosch Car EIRELI,Rede de autopeças,Campinas,SP,Batel,2021-12-31,N
1238,67514975341157,Auto Center Nobre S/A,Funilaria e pintura,Fortaleza,CE,Jardins,2023-07-04,S
1239,94065658234453,Importadora Rota EIRELI,Oficina mecânica,São Paulo,SP,Boa Viagem,2021-09-22,S
1240,26600047091103,Auto Parts Anhanguera LTDA,Oficina mecânica,Campinas,SP,Bela Vista,2022-12-11,S
1241,65118158374661,Casa das Peças Nobre LTDA,Auto center,Manaus,AM,Vila Madalena,2022-12-03,S
1242, 04796668290525 ,Importadora Titan S/A,Oficina mecânica,Campinas,SP,Boa Viagem,2022-05-28,S
1243,30292764054739,Importadora Vitória LTDA,Concessionária,Manaus,AM,Meireles,2021-09-02,S
1244,66047473389147,Retífica Turbo EIRELI,E-commerce de peças,Brasília,DF,Centro,2021-11-12,S
1245,44102387351866,Mecânica Turbo LTDA,Auto center,Goiânia,GO,Meireles,2022-12-06,S
1246,83.025.853/4658-15,Centro Automotivo Onix LTDA,Oficina mecânica,Rio de Janeiro,RJ,Cambuí,2023-06-29,S
1247,90.984.128/6558-16,Peças e Serviços Master ME,Concessionária,Goiânia,GO,Savassi,2022-02-01,S
1248,89180038146342,Comércio de Peças Brasil EIRELI,Concessionária,Porto Alegre,RS,Barra,13/09/2023,S
1249,91.218.527/3411-46,Comércio de Peças Ultra EIRELI,Oficina mecânica,São Paulo,SP,Jardins,2024-11-25,S
1250,30304407781109,Mecânica Bosch Car EIRELI,E-commerce de peças,Salvador,BA,Vila Madalena,2022-05-21,S
1251,54.182.991/2699-45,Auto Peças Real LTDA,Retífica de motores,Porto Alegre,RS,Savassi,2025-07-12,S
1252,66910082242168,Comércio de Peças Onix LTDA ME,Concessionária,Manaus,AM,Pinheiros,2023-11-17,S
1253,99620834791005,Auto Peças Central ME,Oficina mecânica,Recife,PE,Aldeota,2026-06-12,N
1254,22.007.485/9724-38,Loja Marajó LTDA,Concessionária,Curitiba,PR,Boa Viagem,2022-01-27,S
1255,58.028.606/0480-22,Rede Prime LTDA ME,E-commerce de peças,São Paulo,SP,Pinheiros,2025-09-03,S
1256,50904189856643,CASA DAS PEÇAS MASTER LTDA ME,Oficina mecânica,Goiânia,GO,Barra,2025-10-04,S
1257,88876569931360,Auto Center Guará LTDA,Concessionária,Fortaleza,CE,Meireles,02/05/2022,S
1258,47947199038035,Rede Turbo EIRELI,E-commerce de peças,São Paulo,SP,Higienópolis,2023-12-28,S
1259,94419147905347,Mecânica Pista LTDA ME,Oficina mecânica,Manaus,AM,Jardins,2023-12-14,S
1260,32670848868656,Rede Turbo ME,Concessionária,Salvador,BA,Boa Viagem,2023-11-01,S
1261,80183235306885,Loja Potência LTDA ME,E-commerce de peças,Belo Horizonte,MG,Pituba,2022-04-11,S
1262,64583744959752,Peças e Serviços Econômica EIRELI,Funilaria e pintura,Goiânia,GO,Cambuí,2026-06-14,S
1263,89748741148626,DISTRIBUIDORA MAX LTDA,Retífica de motores,Belo Horizonte,MG,Pituba,2022-03-08,S
1264,34965515641967,Auto Peças Fênix LTDA,Funilaria e pintura,Salvador,BA,Meireles,2021-09-13,S
1265,20163015972242,Retífica Fênix ME,Funilaria e pintura,Brasília,DF,Vila Madalena,18/12/2023,S
1266,84601804033480,Peças e Serviços Rodovia ME,Oficina mecânica,Goiânia,GO,Bela Vista,2024-04-07,S
1267,71554460539260,Rede Ipê ME,E-commerce de peças,Manaus,AM,Jardins,2022-03-21,S
1268,36499119285672,Casa das Peças Rodovia EIRELI,Autopeças independente,Manaus,AM,Meireles,2021-11-10,S
1269,77558212626439,Comercial Rodovia LTDA,E-commerce de peças,São Paulo,SP,Centro,2022-08-04,S
1270, 19919817755129 ,Peças e Serviços Potência EIRELI,E-commerce de peças,Salvador,BA,Savassi,2023-02-12,S
1271,98.283.859/7477-65,Auto Center Real EIRELI,Autopeças independente,Porto Alegre,RS,Asa Sul,2022-07-18,S
1272,34368771569220,Centro Automotivo Rota ME,Autopeças independente,Manaus,AM,Savassi,2021-05-28,S
1273,97710011547734,Auto Elétrica Turbo LTDA ME,E-commerce de peças,Salvador,BA,Ipanema,2024-11-13,S
1274,85.641.354/7416-85,Auto Peças Ultra ME,Oficina mecânica,Fortaleza,CE,Ipanema,2022-07-28,S
1275,95794758166028,AUTO PEÇAS ULTRA ME,Retífica de motores,São Paulo,SP,Setor Bueno,2023-03-14,S
1276,07146971479734,Peças e Serviços Bandeirante LTDA,Oficina mecânica,Porto Alegre,RS,Meireles,2023-12-22,S
1277,56.017.039/6101-75,Auto Elétrica Pista LTDA,Autopeças independente,Porto Alegre,RS,Aldeota,2024-06-30,S
1278,49078692855162,Auto Parts Estrada S/A,Oficina mecânica,Campinas,SP,Vila Madalena,2024-01-21,S
1279,35.367.355/8960-70,Centro Automotivo Ouro ME,Funilaria e pintura,Campinas,SP,Ipanema,2026-03-01,S
1280,90143097427493,Auto Peças Guará S/A,Funilaria e pintura,Curitiba,PR,Moema,2022-03-31,S
1281,80300735658260,Comercial Nova Era ME,Concessionária,Porto Alegre,RS,Pituba,2025-08-17,S
1282,12.886.691/1223-21,Retífica Ouro LTDA ME,Concessionária,Porto Alegre,RS,Savassi,2023-03-11,S
1283,89.259.465/7446-53,Auto Center Bosch Car LTDA,Oficina mecânica,Campinas,SP,Savassi,2023-08-28,S
1284,85136738052038,Auto Elétrica Central S/A,Funilaria e pintura,Manaus,AM,Savassi,2026-05-01,S
1285,71462201483335,Comércio de Peças Nacional LTDA ME,Retífica de motores,Porto Alegre,RS,Meireles,2023-03-05,S
1286,30876477090676,Loja Guará ME,Funilaria e pintura,São Paulo,SP,Ipanema,2024-01-23,N
1287,71621720488868,Auto Elétrica Cruzeiro S/A,Retífica de motores,Recife,PE,Barra,2024-05-23,S
1288,26.456.496/7419-91,Retífica Anhanguera S/A,Autopeças independente,Campinas,SP,Pituba,2025-04-25,S
1289, 42519701815891 ,Distribuidora Guará LTDA ME,Concessionária,Curitiba,PR,Aldeota,2023-08-14,S
1290, 53193625260221 ,Auto Parts Bandeirante LTDA ME,Autopeças independente,Rio de Janeiro,RJ,Asa Sul,2022-04-18,S
1291,93358384391065,CENTRO AUTOMOTIVO NOBRE EIRELI,Retífica de motores,Belo Horizonte,MG,Pinheiros,2025-08-01,S
1292,51021401283319,Mecânica Titan LTDA,Auto center,Manaus,AM,Cambuí,2022-10-26,S
1293,71.771.703/0568-70,Loja Vitória LTDA,Concessionária,Goiânia,GO,Pinheiros,2021-06-16,S
1294,89533768418767,Importadora Nova Era LTDA ME,Rede de autopeças,Curitiba,PR,Setor Bueno,2022-01-24,S
1295,97317303324967,AUTO PEÇAS VELOZ LTDA,Auto center,Campinas,SP,Setor Bueno,2022-10-20,S
1296,09.473.181/5605-42,Importadora Nacional LTDA ME,Oficina mecânica,Brasília,DF,Savassi,2026-05-02,S
1297,79.764.754/5657-28,Comercial Fênix S/A,Concessionária,São Paulo,SP,Bela Vista,2021-07-02,S
1298,03.909.846/8560-66,Centro Automotivo Rodovia S/A,Rede de autopeças,Campinas,SP,Vila Madalena,2023-08-26,S
1299,09777795703996,Auto Peças Max ME,Auto center,Fortaleza,CE,Aldeota,2023-11-11,N
1300,07.351.289/6220-68,Auto Peças Nacional ME,Concessionária,Rio de Janeiro,RJ,Batel,2023-09-24,S
1301,34460606943069,Distribuidora Master S/A,Funilaria e pintura,Goiânia,GO,Cambuí,2022-09-28,S
1302,41285370064488,Auto Peças Potência LTDA,Auto center,Goiânia,GO,Bela Vista,2022-10-14,S
1303,25542805376425,Casa das Peças Potência S/A,Auto center,Porto Alegre,RS,Aldeota,2022-10-20,S
1304,20.392.213/1701-95,Rede Titan S/A,Rede de autopeças,São Paulo,SP,Higienópolis,12/07/2021,S
1305, 87287314249562 ,Centro Automotivo Anhanguera LTDA ME,Auto center,Goiânia,GO,Savassi,2021-06-09,S
1306,32888070051028,Mecânica Ultra ME,Retífica de motores,Curitiba,PR,Centro,2021-12-08,S
1307,54541648792104,Distribuidora Aurora LTDA,Auto center,Fortaleza,CE,Ipanema,2022-05-24,S
1308,97442036078548,Auto Elétrica Speed ME,Oficina mecânica,Campinas,SP,Higienópolis,2026-04-10,S
1309,06.014.579/2326-71,Loja Anhanguera S/A,Oficina mecânica,Brasília,DF,Centro,2023-03-03,S
1310,19.679.720/9251-92,IMPORTADORA UNIÃO ME,Concessionária,São Paulo,SP,Batel,2026-03-30,S
1311,04937958291585,Auto Center Aurora S/A,Retífica de motores,Fortaleza,CE,Moema,2022-11-11,S
1312,07574142487396,Rede Rodovia S/A,Oficina mecânica,Belo Horizonte,MG,Barra,2023-10-13,S
1313,49.773.677/2443-43,Importadora Fortaleza ME,Auto center,Belo Horizonte,MG,Pinheiros,2022-10-01,S
1314,56.438.029/9034-80,Auto Parts União LTDA,Rede de autopeças,Rio de Janeiro,RJ,Setor Bueno,2025-12-27,N
1315,65737624266225,Loja União S/A,Autopeças independente,Rio de Janeiro,RJ,Moema,2023-03-16,S
1316,01527311722641,Auto Parts do Sul LTDA,Oficina mecânica,Porto Alegre,RS,Moema,2023-03-22,S
1317,93359847422983,Comércio de Peças Marajó LTDA ME,Rede de autopeças,Belo Horizonte,MG,Moema,2022-11-10,S
1318,90226247365003,Importadora Econômica LTDA,Autopeças independente,Curitiba,PR,Aldeota,2023-11-13,S
1319,44278735540423,Casa das Peças Central LTDA,Auto center,Campinas,SP,Aldeota,2023-12-21,S
1320, 93934396904539 ,Auto Parts Anhanguera LTDA ME,Oficina mecânica,Porto Alegre,RS,Barra,2023-08-23,S
1321,38133073453302,Mecânica Roda Livre EIRELI,Retífica de motores,Curitiba,PR,Asa Sul,19/05/2023,N
1322,85.372.033/5051-60,Rede Estrada LTDA ME,Oficina mecânica,Goiânia,GO,Ipanema,2025-01-14,S
1323,87094042245641,Comercial Diamante LTDA,Concessionária,Salvador,BA,Barra,24/03/2024,S
1324, 78191350534941 ,Casa das Peças Estrada LTDA,Oficina mecânica,São Paulo,SP,Pinheiros,2026-01-23,S
1325,28246306162185,Loja Vitória LTDA ME,Autopeças independente,Curitiba,PR,Cambuí,2025-01-13,N
1326,05.986.856/9771-43,Auto Peças Ultra LTDA,Rede de autopeças,Belo Horizonte,MG,Jardins,18/06/2023,S
1327,46103927888818,Loja Ipê S/A,Retífica de motores,Rio de Janeiro,RJ,Vila Madalena,06/10/2025,S
1328,85185690509656,Comercial Ultra ME,Concessionária,Fortaleza,CE,Centro,2021-07-19,S
1329,72.081.472/3735-64,Comércio de Peças Bosch Car S/A,Funilaria e pintura,Belo Horizonte,MG,Pinheiros,2024-07-27,S
1330,99.951.454/9836-71,Auto Center Apex LTDA ME,E-commerce de peças,Brasília,DF,Bela Vista,2023-03-19,S
1331, 51857116456059 ,Auto Elétrica Motor LTDA,Funilaria e pintura,Fortaleza,CE,Aldeota,2022-08-15,S
1332,00258565337773,Auto Parts Motor S/A,Retífica de motores,Belo Horizonte,MG,Boa Viagem,2024-07-26,S
1333,54.872.012/4025-45,Distribuidora Ouro LTDA,Oficina mecânica,Rio de Janeiro,RJ,Jardins,2024-10-30,S
1334,83.976.738/8724-61,Auto Elétrica Motor ME,E-commerce de peças,Goiânia,GO,Jardins,27/03/2025,N
1335,14352949307417,Auto Center Ouro LTDA ME,Rede de autopeças,Goiânia,GO,Batel,2021-06-26,S
1336,35189622527560,Comércio de Peças Cruzeiro EIRELI,Autopeças independente,Fortaleza,CE,Pinheiros,2025-05-14,S
1337,12515890418280,Auto Peças Turbo LTDA,Rede de autopeças,Fortaleza,CE,Meireles,2025-10-18,S
1338,88.447.909/8636-15,COMERCIAL VITÓRIA EIRELI,Oficina mecânica,Fortaleza,CE,Centro,2023-11-19,S
1339,82488631373714,Comercial Econômica ME,Retífica de motores,Porto Alegre,RS,Pinheiros,2024-11-15,S
1340,41.939.606/1047-18,DISTRIBUIDORA UNIÃO S/A,Retífica de motores,Rio de Janeiro,RJ,Cambuí,2021-06-27,S
1341,92.476.883/4103-41,Distribuidora Titan LTDA,Retífica de motores,Recife,PE,Cambuí,2024-11-11,S
1342,32.517.904/4708-56,Comercial Rodovia LTDA ME,E-commerce de peças,Manaus,AM,Bela Vista,2024-08-30,S
1343,10.314.564/5722-75,Comércio de Peças Nova Era LTDA,Autopeças independente,Curitiba,PR,Aldeota,2022-01-08,S
1344,99.870.933/9136-94,Importadora Veloz LTDA,Rede de autopeças,Goiânia,GO,Centro,2026-06-08,S
1345,75.318.057/6310-10,Loja Prime LTDA,Oficina mecânica,Recife,PE,Barra,2021-09-04,S
1346,40047486794869,Importadora Fortaleza LTDA ME,E-commerce de peças,Recife,PE,Barra,05/10/2021,S
1347,00770177375949,Casa das Peças Apex LTDA,Autopeças independente,Rio de Janeiro,RJ,Moema,2023-07-25,S
1348,60049021444155,Loja Fortaleza S/A,Funilaria e pintura,Goiânia,GO,Vila Madalena,2022-04-19,S
1349,52391703353004,Loja Nova Era EIRELI,Rede de autopeças,Salvador,BA,Pinheiros,2021-05-21,S
1350,97731739462487,CENTRO AUTOMOTIVO BRASIL EIRELI,Funilaria e pintura,Manaus,AM,Pinheiros,2023-10-26,S
1351,39276871413493,Comércio de Peças Speed LTDA ME,Auto center,Campinas,SP,Vila Madalena,22/12/2023,N
1352,81735792116250,PEÇAS E SERVIÇOS ONIX LTDA ME,Funilaria e pintura,Salvador,BA,Meireles,2022-06-19,S
1353,97014557039342,Comercial Marajó LTDA ME,Retífica de motores,Brasília,DF,Batel,02/01/2022,S
1354,90.509.260/0011-01,Auto Center Diamante LTDA ME,Rede de autopeças,Belo Horizonte,MG,Asa Sul,02/11/2022,S
1355,98.121.300/8823-84,Auto Center Vitória LTDA ME,Autopeças independente,Manaus,AM,Meireles,2022-07-26,S
1356,10448177365561,Rede Turbo LTDA ME,Concessionária,Curitiba,PR,Moema,2024-11-13,S
1357,41761302364169,Importadora Real S/A,Funilaria e pintura,Recife,PE,Vila Madalena,2023-05-02,S
1358,40323919325282,Importadora Cruzeiro S/A,Retífica de motores,Recife,PE,Asa Sul,2022-06-01,S
1359,95.225.296/4448-43,Auto Elétrica Onix LTDA,Rede de autopeças,Goiânia,GO,Barra,2022-04-06,S
1360,40980587715559,Mecânica Nobre LTDA ME,Rede de autopeças,Recife,PE,Jardins,2024-05-10,S
1361,91204637216266,Rede Turbo LTDA,Oficina mecânica,Salvador,BA,Centro,2025-03-14,S
1362,59997737939579,Centro Automotivo Prime ME,Retífica de motores,Salvador,BA,Aldeota,2022-11-25,S
1363,11736703862567,Retífica Econômica ME,Oficina mecânica,Rio de Janeiro,RJ,Centro,2025-02-12,S
1364,05630829248287,Auto Center Diamante LTDA ME,Concessionária,Brasília,DF,Bela Vista,02/06/2023,S
1365,27365485220720,Importadora Fortaleza ME,Autopeças independente,Rio de Janeiro,RJ,Asa Sul,23/04/2024,S
1366,62796365129555,Retífica Fortaleza LTDA,Autopeças independente,Rio de Janeiro,RJ,Savassi,2024-02-27,S
1367,84226230036072,COMERCIAL AURORA S/A,Concessionária,Manaus,AM,Meireles,10/10/2024,S
1368, 24375391692809 ,Comércio de Peças Anhanguera LTDA ME,Rede de autopeças,Campinas,SP,Vila Madalena,2024-01-16,S
1369, 74033045441061 ,Mecânica Aurora S/A,Auto center,Brasília,DF,Cambuí,24/03/2022,S
1370,51.764.296/2809-24,Auto Peças Paulista S/A,Oficina mecânica,Rio de Janeiro,RJ,Vila Madalena,2024-09-07,S
1371,61.315.255/2322-80,Comércio de Peças Ipê LTDA ME,Funilaria e pintura,Manaus,AM,Barra,2022-11-07,S
1372,04762539501115,Peças e Serviços Ultra ME,Oficina mecânica,Porto Alegre,RS,Higienópolis,2023-10-12,S
1373,60317489030458,Centro Automotivo União LTDA ME,Auto center,Belo Horizonte,MG,Setor Bueno,01/05/2026,S
1374,29355459205596,Casa das Peças Fênix LTDA,Auto center,Belo Horizonte,MG,Meireles,2022-03-09,S
1375,83.045.762/7451-16,Loja Estrada LTDA ME,Oficina mecânica,Goiânia,GO,Jardins,2024-08-31,S
1376, 52213368960083 ,Comércio de Peças Cruzeiro S/A,Retífica de motores,Rio de Janeiro,RJ,Barra,2023-02-22,N
1377,46.113.997/9927-15,Loja Titan LTDA ME,Funilaria e pintura,Fortaleza,CE,Bela Vista,2022-06-18,S
1378,85898681843976,Rede do Sul LTDA ME,Autopeças independente,Belo Horizonte,MG,Setor Bueno,2026-04-06,S
1379,44.574.441/0769-26,Rede Central ME,Oficina mecânica,Goiânia,GO,Aldeota,2023-11-29,S
1380, 16043598398590 ,Distribuidora Rodovia EIRELI,Rede de autopeças,Goiânia,GO,Barra,2022-01-29,S
1381,56816784340730,Loja Real LTDA ME,Retífica de motores,Fortaleza,CE,Savassi,2022-03-10,S
1382,35007883692233,Distribuidora Turbo LTDA ME,Autopeças independente,Campinas,SP,Cambuí,10/11/2021,S
1383,50231265327355,Comércio de Peças Max S/A,Auto center,Brasília,DF,Meireles,2024-01-02,S
1384,34.771.469/5093-55,Retífica Potência LTDA,Auto center,Belo Horizonte,MG,Savassi,2022-08-10,S
1385,36.445.947/6121-89,Auto Elétrica Prime LTDA ME,Retífica de motores,Rio de Janeiro,RJ,Centro,10/04/2023,S
1386,07.612.228/3056-44,Auto Center Titan EIRELI,Oficina mecânica,Salvador,BA,Cambuí,2022-04-27,S
1387,95.026.356/0777-89,Comércio de Peças Brasil ME,Funilaria e pintura,Salvador,BA,Meireles,2022-12-03,S
1388,04600823696269,PEÇAS E SERVIÇOS NOBRE LTDA ME,Concessionária,Goiânia,GO,Cambuí,2025-03-08,S
1389,17.906.701/5120-03,AUTO PARTS VITÓRIA LTDA,E-commerce de peças,Recife,PE,Pituba,2021-05-24,S
1390,62183339192969,Comercial Ipê LTDA,Funilaria e pintura,Rio de Janeiro,RJ,Vila Madalena,2025-08-12,N
1391,82283774270549,RETÍFICA ROTA ME,Auto center,São Paulo,SP,Meireles,2021-07-13,S
1392,80.126.980/4466-58,Loja Marajó LTDA,E-commerce de peças,Manaus,AM,Vila Madalena,02/06/2021,S
1393,64.724.525/7378-74,Distribuidora Bandeirante LTDA,E-commerce de peças,São Paulo,SP,Asa Sul,2022-01-14,S
1394,77.061.298/8972-84,Auto Center Nova Era S/A,Autopeças independente,Fortaleza,CE,Batel,2023-10-20,S
1395,16.417.005/3718-60,Peças e Serviços Rota LTDA,Rede de autopeças,Campinas,SP,Moema,2022-10-17,S
1396,66479512798312,Auto Peças Vitória LTDA,Funilaria e pintura,Campinas,SP,Centro,2025-09-05,S
1397,19848087017086,Auto Center Bandeirante LTDA,Retífica de motores,Goiânia,GO,Savassi,2021-12-11,S
1398, 74043368957967 ,Auto Elétrica Max LTDA,E-commerce de peças,São Paulo,SP,Moema,2023-10-27,S
1399,00701785020502,Rede Cruzeiro ME,Auto center,Goiânia,GO,Boa Viagem,2022-09-20,N
1400,29759974753965,Peças e Serviços Speed ME,E-commerce de peças,São Paulo,SP,Asa Sul,2022-02-20,S
1401,04.164.153/7405-13,Comercial Max LTDA ME,Funilaria e pintura,Belo Horizonte,MG,Aldeota,2023-05-02,S
1402,60855717490584,Auto Center Max S/A,Retífica de motores,Rio de Janeiro,RJ,Bela Vista,2022-06-24,N
1403,86.240.574/4509-99,Rede Motor ME,Concessionária,Salvador,BA,Aldeota,2021-07-17,S
1404,11.108.518/4668-98,Centro Automotivo Líder EIRELI,Concessionária,Rio de Janeiro,RJ,Vila Madalena,2022-11-13,S
1405,30734800226425,Peças e Serviços Vitória EIRELI,Concessionária,Campinas,SP,Boa Viagem,2021-11-22,S
1406,78192147498474,Loja Pista LTDA ME,Funilaria e pintura,Brasília,DF,Asa Sul,2025-02-26,S
1407,14617275804529,Auto Parts Roda Livre S/A,Rede de autopeças,Belo Horizonte,MG,Aldeota,2023-08-28,S
1408, 87754458474134 ,Loja Nacional ME,Concessionária,Brasília,DF,Centro,2026-05-19,S
1409,62751934638901,CASA DAS PEÇAS TITAN S/A,E-commerce de peças,Goiânia,GO,Ipanema,2023-10-24,S
1410,56862230706594,Auto Elétrica Brasil LTDA,Funilaria e pintura,Rio de Janeiro,RJ,Batel,2025-07-21,S
1411,33037271862447,Auto Peças Econômica LTDA,Retífica de motores,Porto Alegre,RS,Centro,2022-09-11,S
1412,87806615459858,Auto Elétrica Ouro EIRELI,Oficina mecânica,Belo Horizonte,MG,Centro,2022-06-03,S
1413,82521288669059,DISTRIBUIDORA PRIME S/A,E-commerce de peças,Brasília,DF,Higienópolis,2023-02-21,S
1414,05.203.132/9887-12,Auto Elétrica Central LTDA ME,Autopeças independente,Fortaleza,CE,Setor Bueno,2023-06-30,S
1415,78.626.852/7287-60,Loja Potência ME,Auto center,Fortaleza,CE,Aldeota,2026-01-31,S
1416,06283345573562,Peças e Serviços Estrada LTDA,Concessionária,Manaus,AM,Cambuí,2023-08-03,S
1417, 59730273228570 ,Comércio de Peças Bandeirante EIRELI,E-commerce de peças,Brasília,DF,Setor Bueno,2022-12-02,S
1418, 93977041167881 ,Loja Nova Era LTDA ME,Rede de autopeças,Brasília,DF,Aldeota,2022-08-27,S
1419,56.904.484/6733-22,Mecânica Master S/A,Concessionária,Recife,PE,Higienópolis,2024-04-10,S
1420,70062394599426,Auto Peças Real S/A,Autopeças independente,Manaus,AM,Jardins,2025-10-28,S
1421,03398013871628,Retífica Brasil LTDA,Autopeças independente,Manaus,AM,Centro,2025-11-09,S
1422, 33743567027728 ,Casa das Peças Potência LTDA ME,Rede de autopeças,Salvador,BA,Ipanema,2025-07-24,S
1423,45.759.599/5505-53,Importadora Estrada EIRELI,Retífica de motores,Goiânia,GO,Setor Bueno,09/06/2026,S
1424,39525252078821,Centro Automotivo Marajó ME,Retífica de motores,Brasília,DF,Ipanema,2022-06-17,S
1425,45.203.027/6947-30,Centro Automotivo Roda Livre ME,Concessionária,Manaus,AM,Ipanema,2021-10-17,S
1426,21244029363409,Comércio de Peças Brasil EIRELI,Autopeças independente,Curitiba,PR,Cambuí,2024-11-30,S
1427,04794123254601,Casa das Peças Diamante EIRELI,Retífica de motores,São Paulo,SP,Barra,2021-07-26,S
1428, 57133996276861 ,Auto Peças Rodovia LTDA,E-commerce de peças,Brasília,DF,Boa Viagem,2023-08-18,S
1429,38.130.149/4802-98,Loja Bandeirante LTDA ME,Retífica de motores,Manaus,AM,Ipanema,2024-05-21,S
1430,91.990.821/3356-83,REDE ESTRADA LTDA ME,Concessionária,Rio de Janeiro,RJ,Setor Bueno,2024-02-22,S
1431,17.103.891/9187-40,Importadora Estrada ME,Autopeças independente,Manaus,AM,Centro,2022-11-14,S
1432,44.956.071/4876-50,Mecânica Diamante LTDA ME,Concessionária,Curitiba,PR,Moema,2021-11-21,S
1433,31603781105703,Auto Center Econômica LTDA ME,Funilaria e pintura,Manaus,AM,Centro,2021-06-15,N
1434,94.696.693/2337-00,Comercial Onix LTDA ME,Autopeças independente,Goiânia,GO,Moema,2025-07-23,S
1435,86.332.343/0658-74,Centro Automotivo Ipê ME,Funilaria e pintura,São Paulo,SP,Cambuí,26/01/2023,S
1436,97.228.582/5854-55,RETÍFICA DO SUL EIRELI,Rede de autopeças,São Paulo,SP,Boa Viagem,2024-12-27,S
1437,67883873693238,Comércio de Peças Apex EIRELI,Rede de autopeças,Curitiba,PR,Vila Madalena,2025-04-30,S
1438,86.741.637/1206-31,Comércio de Peças Econômica LTDA ME,Concessionária,Porto Alegre,RS,Savassi,2022-02-08,S
1439,40811441572814,Auto Peças Central S/A,Retífica de motores,Brasília,DF,Savassi,2023-06-21,S
1440,36.118.926/0555-46,Loja Rota S/A,Concessionária,São Paulo,SP,Pinheiros,2022-09-14,S
1441,37714034454595,Mecânica Master LTDA,Autopeças independente,Porto Alegre,RS,Moema,2022-05-15,S
1442,22723869742173,LOJA TITAN LTDA,Funilaria e pintura,Recife,PE,Cambuí,2022-06-25,S
1443,70.934.099/1650-81,Casa das Peças Diamante S/A,Autopeças independente,Campinas,SP,Higienópolis,2025-05-24,S
1444,77.006.279/5951-42,Comércio de Peças Veloz EIRELI,Rede de autopeças,Manaus,AM,Moema,2022-09-05,S
1445,75.627.528/0016-17,Auto Elétrica Apex EIRELI,Auto center,Manaus,AM,Barra,10/07/2023,S
1446,63.832.648/9710-01,Mecânica Titan EIRELI,Retífica de motores,Rio de Janeiro,RJ,Cambuí,2026-03-24,S
1447,30494841423552,Auto Elétrica Econômica LTDA ME,Auto center,Rio de Janeiro,RJ,Pinheiros,2025-04-07,S
1448, 81302656477115 ,Casa das Peças Guará LTDA,Retífica de motores,Goiânia,GO,Bela Vista,2021-10-07,S
1449,10.791.161/1464-46,Mecânica Brasil LTDA ME,Funilaria e pintura,Porto Alegre,RS,Setor Bueno,2024-03-18,S
1450,73.885.237/7487-70,Casa das Peças Vitória EIRELI,Retífica de motores,Porto Alegre,RS,Cambuí,09/05/2024,S
1451,18.082.267/9909-66,Rede Nova Era EIRELI,Concessionária,Belo Horizonte,MG,Meireles,2022-05-12,S
1452,95716468210037,Comércio de Peças Rodovia ME,Autopeças independente,Curitiba,PR,Jardins,2024-08-13,S
1453,66932070983484,Centro Automotivo Titan S/A,Rede de autopeças,Brasília,DF,Vila Madalena,2023-10-21,S
1454,96.507.445/6572-67,Peças e Serviços Nova Era S/A,E-commerce de peças,Belo Horizonte,MG,Savassi,2022-06-15,S
1455,47.795.003/4522-02,Comercial Brasil LTDA,Rede de autopeças,Goiânia,GO,Pinheiros,2022-03-21,S
1456,52573309074063,Auto Elétrica Ultra ME,Oficina mecânica,Porto Alegre,RS,Pinheiros,2026-02-10,S
1457,12.583.799/0053-66,Auto Elétrica Brasil EIRELI,Rede de autopeças,Salvador,BA,Higienópolis,18/01/2026,S
1458,62.837.237/2259-31,Centro Automotivo Aurora LTDA,Auto center,Manaus,AM,Setor Bueno,23/04/2025,S
1459,40370433331883,Auto Parts Speed ME,Rede de autopeças,Curitiba,PR,Pituba,2021-09-05,S
1460,04737198517696,Retífica Líder EIRELI,Rede de autopeças,Campinas,SP,Batel,2026-07-01,S
1461,83792640532739,Auto Parts Ultra EIRELI,Oficina mecânica,Fortaleza,CE,Batel,2022-04-08,S
1462,39039799783315,Comércio de Peças Popular EIRELI,Oficina mecânica,Brasília,DF,Moema,2024-12-06,S
1463,02506668606734,Peças e Serviços Nobre S/A,Retífica de motores,Manaus,AM,Vila Madalena,2021-11-24,S
1464,95910385242762,Peças e Serviços Estrada EIRELI,Rede de autopeças,Brasília,DF,Vila Madalena,2025-08-27,S
1465,49.594.038/9554-65,Auto Center Central LTDA ME,Oficina mecânica,Goiânia,GO,Pituba,2022-03-25,S
1466,21.027.366/3256-73,Comercial Motor EIRELI,E-commerce de peças,São Paulo,SP,Moema,2025-03-29,S
1467,01910904886607,Loja Nacional EIRELI,Concessionária,Recife,PE,Aldeota,2023-07-04,S
1468,93785954176090,Peças e Serviços Motor S/A,Rede de autopeças,Brasília,DF,Setor Bueno,2023-07-24,S
1469,34669447338780,Peças e Serviços Brasil LTDA ME,Autopeças independente,Fortaleza,CE,Moema,10/04/2026,S
1470,84771988837434,Rede Aurora S/A,Oficina mecânica,Fortaleza,CE,Boa Viagem,18/10/2025,S
1471,23.089.964/6924-34,Auto Peças Aurora ME,Rede de autopeças,São Paulo,SP,Boa Viagem,2023-05-15,S
1472,56.038.710/8803-54,Auto Parts Central EIRELI,Rede de autopeças,Campinas,SP,Jardins,2022-04-26,S
1473,47.476.911/6122-15,Importadora União LTDA ME,Funilaria e pintura,Recife,PE,Ipanema,2024-06-03,S
1474,81900415893335,Retífica Onix LTDA,Rede de autopeças,Recife,PE,Barra,2023-12-08,S
1475,00295738010124,Mecânica Nobre EIRELI,Retífica de motores,Salvador,BA,Pinheiros,2022-09-08,S
1476,19499913650551,Comércio de Peças Veloz S/A,Funilaria e pintura,Campinas,SP,Bela Vista,2026-05-01,S
1477,71.708.049/2932-85,Rede Master LTDA,Retífica de motores,Campinas,SP,Barra,2024-07-28,S
1478,13495220940037,Distribuidora Líder S/A,Auto center,Belo Horizonte,MG,Pinheiros,2024-04-05,S
1479,48066112620306,DISTRIBUIDORA MASTER LTDA,Rede de autopeças,Fortaleza,CE,Savassi,2022-08-05,S
1480,18.112.399/3302-55,Rede Marajó LTDA,Auto center,São Paulo,SP,Batel,2021-05-25,S
1481,59.688.910/9619-68,Rede Veloz ME,Oficina mecânica,Porto Alegre,RS,Batel,2024-05-25,S
1482,60816418044608,Auto Peças Líder LTDA,Auto center,Curitiba,PR,Higienópolis,2024-03-31,S
1483,69.544.950/6095-80,Auto Center Estrada LTDA ME,Auto center,Porto Alegre,RS,Higienópolis,2022-05-08,S
1484, 85907429414290 ,Auto Parts Turbo LTDA ME,Auto center,Goiânia,GO,Meireles,2023-01-16,S
1485,84766919530164,Distribuidora Titan EIRELI,Rede de autopeças,Campinas,SP,Pinheiros,2026-06-08,S
1486,90.262.976/1166-28,Mecânica Nova Era S/A,Funilaria e pintura,Salvador,BA,Pinheiros,2022-06-07,S
1487,67.016.562/7740-21,Loja Econômica LTDA,Auto center,Goiânia,GO,Batel,2022-08-18,S
1488,23.525.600/8589-49,Rede Aurora EIRELI,Auto center,Porto Alegre,RS,Jardins,2022-06-25,S
1489,05353131845605,Distribuidora Popular ME,Concessionária,Belo Horizonte,MG,Savassi,2023-05-20,N
1490,29443141408783,Auto Center Speed LTDA ME,Funilaria e pintura,Rio de Janeiro,RJ,Pituba,2023-03-08,S
1491,24021168231379,Loja Nova Era LTDA,Retífica de motores,Brasília,DF,Pinheiros,2021-07-01,S
1492,26578963558774,Auto Peças do Sul S/A,Rede de autopeças,Porto Alegre,RS,Higienópolis,2022-09-22,S
1493, 72544225351178 ,Importadora Guará ME,Autopeças independente,Manaus,AM,Ipanema,2021-07-19,S
1494,82.872.047/6766-60,LOJA TURBO S/A,Auto center,Manaus,AM,Batel,2026-03-14,N
1495,53136859315262,Centro Automotivo Popular LTDA,Autopeças independente,Fortaleza,CE,Asa Sul,2024-02-19,S
1496,10614452996457,Auto Parts Bandeirante S/A,Funilaria e pintura,Campinas,SP,Pituba,2022-12-03,S
1497,53334972969701,Comercial Veloz ME,Funilaria e pintura,Rio de Janeiro,RJ,Pituba,2024-07-12,S
1498,85861888178602,Auto Peças Líder EIRELI,Concessionária,Manaus,AM,Vila Madalena,09/01/2024,S
1499,82749033122239,Comércio de Peças Pista EIRELI,Autopeças independente,Curitiba,PR,Savassi,13/11/2022,S
1500,83.687.477/7407-03,Auto Parts Ultra LTDA,Oficina mecânica,Manaus,AM,Aldeota,2022-05-31,S
1501,22821282193868,Auto Parts Paulista LTDA ME,E-commerce de peças,Manaus,AM,Meireles,30/09/2023,S
1502,04596920666048,Auto Elétrica Rota EIRELI,Retífica de motores,Curitiba,PR,Asa Sul,2022-09-11,S
1503,84.981.184/6512-42,Retífica Pista LTDA,Funilaria e pintura,Salvador,BA,Centro,2025-10-04,S
1504,36.481.165/9558-59,Rede Nobre ME,Funilaria e pintura,Manaus,AM,Meireles,2026-05-31,S
1505,36597276768777,Centro Automotivo Fênix LTDA,Oficina mecânica,Recife,PE,Setor Bueno,2022-08-14,S
1506,91.953.808/8426-72,Auto Parts Estrada LTDA ME,Autopeças independente,Porto Alegre,RS,Centro,2026-05-15,N
1507,13.915.480/4423-64,Loja Motor S/A,Retífica de motores,Rio de Janeiro,RJ,Centro,2021-11-14,S
1508,61647904991573,Auto Peças Fênix S/A,Autopeças independente,Brasília,DF,Pinheiros,2021-09-11,S
1509,67209610237264,Rede Paulista LTDA ME,Autopeças independente,Curitiba,PR,Aldeota,2023-06-01,S
1510,59.715.579/3277-01,Comércio de Peças Aurora LTDA,E-commerce de peças,Porto Alegre,RS,Aldeota,09/01/2024,S
1511,26096856888861,Centro Automotivo Nova Era LTDA ME,Oficina mecânica,Curitiba,PR,Ipanema,22/06/2024,S
1512,94336447026327,Auto Elétrica Brasil LTDA ME,Rede de autopeças,Fortaleza,CE,Asa Sul,2022-06-14,S
1513,76694947155347,Peças e Serviços Motor ME,Autopeças independente,Brasília,DF,Ipanema,2023-04-03,S
1514,29.084.896/5394-50,Comercial Veloz LTDA,Oficina mecânica,Fortaleza,CE,Pituba,05/05/2023,S
1515,38338569329136,Rede Rodovia LTDA,Autopeças independente,Salvador,BA,Aldeota,2022-07-17,S
1516,15063240510265,Centro Automotivo Cruzeiro LTDA ME,Auto center,Porto Alegre,RS,Setor Bueno,2026-02-28,S
1517,46466033273997,Loja Max EIRELI,Concessionária,Fortaleza,CE,Moema,02/05/2026,N
1518,02760781951648,Importadora Nacional LTDA ME,Auto center,Rio de Janeiro,RJ,Meireles,14/03/2023,S
1519,61.443.575/4789-35,Comércio de Peças Ultra ME,Oficina mecânica,São Paulo,SP,Boa Viagem,2024-07-17,S
1520,68.756.707/1812-92,Auto Elétrica Max S/A,Rede de autopeças,São Paulo,SP,Meireles,2023-05-01,S
1521,59984133768705,RETÍFICA BANDEIRANTE LTDA,Autopeças independente,Porto Alegre,RS,Pinheiros,2021-11-02,S
1522,10.640.707/8384-78,Comercial Vitória EIRELI,Funilaria e pintura,Salvador,BA,Ipanema,2023-03-01,S
1523,54.044.927/2809-03,Auto Center Cruzeiro EIRELI,Funilaria e pintura,Recife,PE,Moema,2024-01-04,S
1524,85.984.440/8895-93,Comércio de Peças Roda Livre EIRELI,Autopeças independente,Manaus,AM,Cambuí,2025-03-10,S
1525,90152302999663,Mecânica Central LTDA ME,Concessionária,Goiânia,GO,Centro,2026-05-08,S
1526,79915402732012,Retífica Anhanguera EIRELI,Oficina mecânica,São Paulo,SP,Moema,2026-03-26,S
1527,20682048109305,Auto Elétrica Líder EIRELI,Auto center,Brasília,DF,Pituba,2023-01-02,S
1528,98245538151827,COMÉRCIO DE PEÇAS IPÊ LTDA ME,Funilaria e pintura,Curitiba,PR,Batel,2023-11-09,S
1529,85255768815590,Importadora Onix S/A,Retífica de motores,Rio de Janeiro,RJ,Setor Bueno,08/02/2026,S
1530,76150488491508,Rede Cruzeiro LTDA,E-commerce de peças,Brasília,DF,Cambuí,2025-05-20,N
1531,95559355881082,Mecânica Nobre LTDA ME,Oficina mecânica,Recife,PE,Pituba,2023-10-25,S
1532, 25412387249379 ,DISTRIBUIDORA GUARÁ EIRELI,Autopeças independente,Goiânia,GO,Ipanema,2022-01-13,S
1533,84.967.416/6239-56,Centro Automotivo Prime EIRELI,Oficina mecânica,Porto Alegre,RS,Boa Viagem,2025-08-04,S
1534,74.906.412/2727-65,Loja Apex ME,E-commerce de peças,Recife,PE,Pituba,2023-07-25,S
1535,00545583455955,AUTO PARTS POTÊNCIA ME,Retífica de motores,Campinas,SP,Pituba,2022-03-25,S
1536,68.089.504/9108-60,Peças e Serviços Fênix LTDA ME,Retífica de motores,Recife,PE,Boa Viagem,2025-12-30,S
1537,97933686093160,Auto Center Apex LTDA,Oficina mecânica,Manaus,AM,Ipanema,2021-09-25,S
1538,39.111.532/0264-00,Loja Ultra S/A,Funilaria e pintura,Brasília,DF,Pituba,2023-08-10,S
1539,03887821889384,Peças e Serviços Pista LTDA ME,Auto center,Belo Horizonte,MG,Vila Madalena,2023-01-30,S
1540,42.083.481/2426-64,Auto Elétrica Motor LTDA,Rede de autopeças,Manaus,AM,Higienópolis,2021-12-22,S
1541,27.966.379/5818-77,REDE FÊNIX S/A,Concessionária,Campinas,SP,Moema,2022-12-22,S
1542,69399531556642,Mecânica Econômica LTDA ME,Autopeças independente,Porto Alegre,RS,Centro,2023-07-28,S
1543,64966681182292,Distribuidora Bandeirante S/A,Concessionária,Goiânia,GO,Boa Viagem,2023-04-23,S
1544,73.378.406/1386-74,Auto Parts Central LTDA,Auto center,Curitiba,PR,Cambuí,2021-10-01,S
1545,57657868005512,Loja Anhanguera EIRELI,Auto center,Recife,PE,Asa Sul,2022-06-14,S
1546,32705614653442,Comercial Master LTDA ME,Retífica de motores,Recife,PE,Aldeota,2025-02-02,S
1547,20351919850565,CASA DAS PEÇAS LÍDER LTDA,Oficina mecânica,Salvador,BA,Meireles,2025-07-22,S
1548,98766327904233,Casa das Peças Aurora S/A,Autopeças independente,Belo Horizonte,MG,Pituba,2025-10-17,N
1549,22.918.457/4965-99,Auto Parts Turbo ME,Concessionária,Salvador,BA,Vila Madalena,21/07/2024,S
1550,43583040775130,Comercial Apex LTDA ME,Concessionária,Rio de Janeiro,RJ,Aldeota,2026-05-03,S
1551,71473204319274,Comercial Rota LTDA ME,Concessionária,Curitiba,PR,Jardins,2023-04-11,S
1552,61655806247555,Distribuidora Real LTDA ME,Concessionária,Curitiba,PR,Pituba,2023-10-31,S
1553,75.100.568/7069-05,Peças e Serviços Bandeirante S/A,Retífica de motores,Belo Horizonte,MG,Pinheiros,2022-01-29,S
1554,93.235.393/3054-84,Auto Center Turbo LTDA ME,Retífica de motores,Manaus,AM,Aldeota,2021-05-27,S
1555,21830242646855,Auto Peças Fortaleza EIRELI,Concessionária,Curitiba,PR,Moema,19/01/2024,S
1556, 88051093346533 ,Peças e Serviços Motor EIRELI,Autopeças independente,Porto Alegre,RS,Meireles,02/05/2025,S
1557,09841643770217,Comercial Vitória LTDA,E-commerce de peças,São Paulo,SP,Cambuí,2024-08-11,S
1558,28339717856817,Distribuidora União S/A,Oficina mecânica,Goiânia,GO,Barra,2022-07-19,S
1559,30105591698331,Casa das Peças Real LTDA ME,Rede de autopeças,Goiânia,GO,Asa Sul,2021-12-07,S
1560,65452593570765,Loja Guará LTDA ME,Rede de autopeças,São Paulo,SP,Cambuí,2024-08-19,S
1561,27192602611868,Peças e Serviços Onix LTDA ME,Autopeças independente,Campinas,SP,Moema,2024-07-23,S
1562,08.170.032/7628-05,Centro Automotivo Líder LTDA,Auto center,Goiânia,GO,Aldeota,2021-09-25,S
1563, 82119569646077 ,COMÉRCIO DE PEÇAS GARRA LTDA,Oficina mecânica,Recife,PE,Boa Viagem,2023-07-15,S
1564,13.563.974/8925-00,Distribuidora Anhanguera S/A,Rede de autopeças,Salvador,BA,Pituba,2021-11-21,S
1565,18217748747793,PEÇAS E SERVIÇOS POTÊNCIA EIRELI,Oficina mecânica,Brasília,DF,Barra,2022-07-29,S
1566,99712520193064,Auto Center Bosch Car LTDA ME,Retífica de motores,Goiânia,GO,Moema,2022-04-13,S
1567,93353031387830,Importadora Nobre EIRELI,Concessionária,Goiânia,GO,Cambuí,14/11/2022,S
1568,62029487478112,Importadora Ouro LTDA,Funilaria e pintura,Belo Horizonte,MG,Boa Viagem,2026-04-29,S
1569,93177865039475,Distribuidora Real LTDA ME,Auto center,Belo Horizonte,MG,Moema,2024-05-11,S
1570,12434535381157,Auto Peças do Sul LTDA,Concessionária,Curitiba,PR,Bela Vista,2026-04-25,N
1571,69575629433916,Loja Bandeirante S/A,Auto center,Curitiba,PR,Centro,2021-08-31,S
1572,39441010427974,CENTRO AUTOMOTIVO APEX LTDA,Concessionária,Porto Alegre,RS,Moema,2023-08-03,S
1573,96.991.329/3575-38,Rede Turbo EIRELI,Retífica de motores,Campinas,SP,Jardins,2022-12-13,S
1574,75601642624554,Mecânica Fênix ME,Autopeças independente,Porto Alegre,RS,Asa Sul,2022-05-03,S
1575,22394071734346,Auto Center Bandeirante LTDA,Oficina mecânica,Goiânia,GO,Jardins,2022-07-10,S
1576,98.107.951/6352-14,Auto Elétrica Turbo EIRELI,Autopeças independente,Curitiba,PR,Pituba,11/03/2024,S
1577,68095641854133,Auto Center Líder ME,Oficina mecânica,Rio de Janeiro,RJ,Moema,2023-07-26,S
1578,58179157829052,Auto Elétrica Rota LTDA,Concessionária,Recife,PE,Savassi,2022-12-19,S
1579,99948141401385,Auto Elétrica Paulista EIRELI,Funilaria e pintura,Belo Horizonte,MG,Vila Madalena,2022-06-12,S
1580,12017402098446,Mecânica Prime S/A,Rede de autopeças,São Paulo,SP,Moema,2021-11-06,S
1581,72.913.675/9164-49,Mecânica Anhanguera LTDA,Oficina mecânica,Belo Horizonte,MG,Centro,2023-12-23,S
1582,30852315682342,Peças e Serviços Bandeirante ME,Autopeças independente,Rio de Janeiro,RJ,Asa Sul,2021-08-16,S
1583,71320253423867,Centro Automotivo Master EIRELI,Auto center,Recife,PE,Meireles,2024-06-13,S
1584,98766740877210,Retífica Líder LTDA,Concessionária,Campinas,SP,Meireles,2022-02-25,S
1585,10972472542654,Importadora Titan LTDA ME,Funilaria e pintura,Salvador,BA,Vila Madalena,2024-04-22,S
1586,39852381828936,COMÉRCIO DE PEÇAS PAULISTA LTDA ME,Concessionária,Manaus,AM,Pituba,2023-08-06,S
1587,04235731899593,Mecânica Anhanguera S/A,Rede de autopeças,Manaus,AM,Moema,2024-04-10,S
1588,34705070775088,Auto Elétrica Bandeirante LTDA ME,Rede de autopeças,Salvador,BA,Vila Madalena,2023-01-01,S
1589,21380595194845,Auto Parts Pista EIRELI,Concessionária,Recife,PE,Meireles,2023-02-10,S
1590,05.915.419/6351-10,Comércio de Peças Roda Livre LTDA ME,Oficina mecânica,Curitiba,PR,Ipanema,2022-05-14,S
1591,50417372234267,Auto Parts Real ME,Auto center,São Paulo,SP,Higienópolis,2021-11-08,S
1592,17189935475211,Auto Elétrica Veloz ME,Oficina mecânica,Brasília,DF,Pituba,2023-10-07,S
1593,11.493.310/8862-30,Retífica Marajó LTDA,Oficina mecânica,Curitiba,PR,Higienópolis,01/04/2022,S
1594,36485100218241,AUTO PEÇAS TITAN S/A,Auto center,São Paulo,SP,Vila Madalena,2024-11-29,N
1595,87.873.214/9997-03,Retífica Roda Livre EIRELI,E-commerce de peças,Campinas,SP,Asa Sul,2023-12-14,S
1596,44.210.651/0046-01,Auto Elétrica Aurora ME,Retífica de motores,Curitiba,PR,Cambuí,2024-08-08,S
1597,94207223956721,Mecânica Paulista S/A,Retífica de motores,Fortaleza,CE,Higienópolis,2021-12-05,S
1598, 78776775138771 ,Mecânica Anhanguera ME,Retífica de motores,Brasília,DF,Boa Viagem,2023-12-13,N
1599,73.045.194/5586-81,Auto Parts Vitória S/A,Funilaria e pintura,Brasília,DF,Centro,10/02/2022,S
1600,64.031.575/8593-91,Auto Peças Onix ME,Funilaria e pintura,Goiânia,GO,Asa Sul,2021-08-24,S
1601,33.927.195/4063-85,AUTO ELÉTRICA AURORA LTDA ME,Autopeças independente,Goiânia,GO,Moema,2022-04-24,S
1602,78.420.555/5354-40,COMERCIAL MOTOR S/A,Rede de autopeças,Curitiba,PR,Higienópolis,2022-02-23,S
1603,22.100.720/4094-71,Auto Center Ultra LTDA ME,E-commerce de peças,Goiânia,GO,Pituba,2023-12-21,S
1604,41.048.667/1864-42,Loja Garra EIRELI,E-commerce de peças,São Paulo,SP,Vila Madalena,2025-06-27,S
1605,01.877.033/2570-44,Distribuidora Apex ME,Autopeças independente,Rio de Janeiro,RJ,Pinheiros,2023-05-31,S
1606,99.749.030/4381-77,Auto Elétrica Speed S/A,Concessionária,Brasília,DF,Aldeota,2021-11-12,N
1607,11301864323145,Centro Automotivo Titan ME,Retífica de motores,Brasília,DF,Moema,2022-07-18,S
1608,00343743256740,Comércio de Peças Veloz ME,Oficina mecânica,Fortaleza,CE,Moema,2025-01-20,S
1609,11.190.206/0713-69,Auto Center Pista LTDA,Oficina mecânica,Porto Alegre,RS,Setor Bueno,2024-10-04,S
1610,67.353.842/5611-61,Loja Rota LTDA ME,E-commerce de peças,Campinas,SP,Moema,2022-12-01,S
1611,53758268295081,Importadora Marajó ME,E-commerce de peças,Salvador,BA,Ipanema,2023-02-27,S
1612,35.803.528/8050-75,Casa das Peças Garra LTDA ME,Retífica de motores,Goiânia,GO,Ipanema,2024-05-31,S
1613,25.247.777/4449-64,Distribuidora Titan LTDA ME,E-commerce de peças,Porto Alegre,RS,Higienópolis,2025-11-12,S
1614,64862755377938,Rede Brasil LTDA,E-commerce de peças,Belo Horizonte,MG,Batel,2022-09-12,S
1615,07254539601609,Centro Automotivo Rota LTDA ME,E-commerce de peças,Porto Alegre,RS,Pinheiros,2026-06-10,S
1616,17431603250394,Peças e Serviços Rodovia LTDA ME,E-commerce de peças,Salvador,BA,Ipanema,16/04/2023,S
1617,61.794.964/5495-95,Casa das Peças Motor ME,Retífica de motores,Curitiba,PR,Pituba,2022-02-10,S
1618,27183224023936,Rede Nacional EIRELI,Retífica de motores,Porto Alegre,RS,Asa Sul,2023-12-12,S
1619,65511286381105,Importadora Turbo ME,Concessionária,Porto Alegre,RS,Setor Bueno,2024-08-19,S
1620,95.282.767/7423-93,LOJA POPULAR LTDA ME,Funilaria e pintura,Salvador,BA,Batel,2022-11-20,S
1621, 39692151002607 ,Auto Center Cruzeiro EIRELI,Retífica de motores,Brasília,DF,Bela Vista,2022-03-13,S
1622,65371557310520,Mecânica Bosch Car LTDA ME,Funilaria e pintura,Goiânia,GO,Ipanema,2021-07-12,N
1623,33.773.129/7341-48,Retífica Estrada S/A,Auto center,Goiânia,GO,Centro,2025-02-11,S
1624,80.090.722/0871-21,Peças e Serviços Nobre ME,E-commerce de peças,Recife,PE,Cambuí,2021-09-28,S
1625, 23315998751757 ,Auto Peças Diamante S/A,Autopeças independente,São Paulo,SP,Vila Madalena,2025-03-21,S
1626,41750241300788,Peças e Serviços Nobre EIRELI,Oficina mecânica,Goiânia,GO,Higienópolis,2022-04-19,S
1627,95914504972366,PEÇAS E SERVIÇOS ULTRA S/A,Concessionária,São Paulo,SP,Cambuí,2023-01-14,S
1628,42043845046217,Auto Peças Bosch Car ME,Funilaria e pintura,Rio de Janeiro,RJ,Setor Bueno,04/07/2022,S
1629,67.407.886/9858-57,Auto Elétrica Nacional LTDA ME,Retífica de motores,Manaus,AM,Batel,25/02/2023,S
1630,18793978953770,Centro Automotivo Ipê LTDA,E-commerce de peças,Porto Alegre,RS,Asa Sul,2024-04-06,S
1631,98.243.780/4704-07,Auto Elétrica Aurora EIRELI,Retífica de motores,Campinas,SP,Boa Viagem,2023-07-18,S
1632,92.032.735/7125-67,Loja Prime LTDA,Concessionária,Manaus,AM,Cambuí,2023-08-20,S
1633,95915324256600,Peças e Serviços Real S/A,Autopeças independente,Brasília,DF,Jardins,2021-06-01,S
1634,03413653298568,Rede Central LTDA,Auto center,Curitiba,PR,Jardins,2023-03-05,S
1635,74614337004917,Auto Elétrica Max S/A,E-commerce de peças,São Paulo,SP,Pinheiros,2022-12-09,S
1636,76.215.774/0545-86,Importadora Econômica EIRELI,E-commerce de peças,Manaus,AM,Boa Viagem,2025-01-31,S
1637,31419887263492,Auto Peças Turbo S/A,Concessionária,Salvador,BA,Bela Vista,2024-03-17,S
1638, 15900713204484 ,Retífica Apex EIRELI,Auto center,Belo Horizonte,MG,Aldeota,2022-09-13,S
1639,60.456.893/9116-45,Centro Automotivo Guará LTDA ME,Auto center,Recife,PE,Pituba,15/03/2022,S
1640, 64760852085296 ,Retífica Cruzeiro LTDA ME,Oficina mecânica,Recife,PE,Setor Bueno,2022-12-05,S
1641,87.829.887/2754-42,Rede Diamante LTDA ME,Oficina mecânica,Brasília,DF,Boa Viagem,18/11/2024,S
1642, 73864006724663 ,Comercial Titan LTDA,Retífica de motores,Brasília,DF,Higienópolis,2025-02-14,S
1643,33011184065488,Auto Elétrica Paulista ME,Auto center,Goiânia,GO,Ipanema,2022-11-09,S
1644,15.143.697/4578-35,Peças e Serviços Speed LTDA ME,Funilaria e pintura,Recife,PE,Moema,2024-04-05,S
1645,56696338958641,Retífica Master LTDA,Concessionária,Salvador,BA,Savassi,2022-01-25,S
1646,62469476293684,Auto Center Anhanguera S/A,Oficina mecânica,Manaus,AM,Vila Madalena,2023-11-25,S
1647,90.102.719/0952-03,Comercial Veloz ME,Auto center,Manaus,AM,Ipanema,2021-08-23,S
1648,04562446220165,REDE DIAMANTE EIRELI,Funilaria e pintura,Goiânia,GO,Batel,2022-04-15,S
1649,26253814030755,Peças e Serviços Diamante ME,Retífica de motores,Manaus,AM,Setor Bueno,2021-09-18,S
1650,50745093328099,Auto Center Pista ME,E-commerce de peças,Curitiba,PR,Centro,30/05/2025,S
1651,82.353.277/3765-54,Comércio de Peças Brasil EIRELI,Auto center,Rio de Janeiro,RJ,Barra,2022-03-14,S
1652,81471266615393,Rede Guará ME,Concessionária,Porto Alegre,RS,Jardins,2021-06-08,S
1653,50.134.339/0627-98,RETÍFICA SPEED ME,E-commerce de peças,Rio de Janeiro,RJ,Moema,2022-10-26,S
1654,90.371.912/7593-95,Casa das Peças Apex LTDA,Retífica de motores,Goiânia,GO,Moema,2022-11-26,S
1655,22065910044364,IMPORTADORA ESTRADA ME,E-commerce de peças,Campinas,SP,Vila Madalena,2023-06-18,S
1656,22.007.227/6835-27,Comércio de Peças Prime LTDA ME,Auto center,Porto Alegre,RS,Meireles,2026-06-05,S
1657,30009006325867,Retífica Master S/A,E-commerce de peças,Salvador,BA,Pituba,2022-03-03,S
1658,47034463324656,Comercial Veloz LTDA ME,Retífica de motores,Campinas,SP,Cambuí,15/09/2021,S
1659,73.518.517/6965-95,Auto Parts Fênix ME,Rede de autopeças,Salvador,BA,Aldeota,2021-06-02,S
1660,29648421092225,Retífica Econômica S/A,Oficina mecânica,Belo Horizonte,MG,Meireles,2024-02-25,S
1661,37660414264302,Comercial Veloz ME,Funilaria e pintura,Belo Horizonte,MG,Batel,2024-11-19,S
1662,35.243.922/9501-49,Importadora Pista LTDA ME,E-commerce de peças,Goiânia,GO,Cambuí,17/06/2022,S
1663,87.834.767/9007-82,Auto Center Nova Era S/A,Rede de autopeças,São Paulo,SP,Higienópolis,2022-12-05,S
1664,09438682508559,Retífica Marajó LTDA ME,Rede de autopeças,Campinas,SP,Pinheiros,2023-08-28,S
1665,32.572.734/6892-70,Centro Automotivo Fortaleza EIRELI,Funilaria e pintura,Belo Horizonte,MG,Vila Madalena,2023-02-26,S
1666,05149618068628,Peças e Serviços Brasil EIRELI,Auto center,Rio de Janeiro,RJ,Asa Sul,2021-08-04,S
1667,95.186.956/1344-08,Distribuidora Vitória S/A,Retífica de motores,Curitiba,PR,Pinheiros,2025-04-29,S
1668,47691237793980,Auto Elétrica Max LTDA,Concessionária,Curitiba,PR,Savassi,2024-02-28,S
1669,20023915231336,Auto Elétrica Anhanguera S/A,E-commerce de peças,Salvador,BA,Boa Viagem,2023-06-15,S
1670,31.896.720/1295-90,Loja Veloz LTDA ME,Auto center,Belo Horizonte,MG,Centro,2025-12-12,N
1671,19176532448343,Casa das Peças Guará LTDA,Auto center,São Paulo,SP,Pituba,2021-10-22,S
1672,11.708.702/7282-04,Rede Guará EIRELI,Autopeças independente,Goiânia,GO,Savassi,2025-05-02,S
1673,21.600.593/2418-32,Auto Parts Paulista ME,Rede de autopeças,Curitiba,PR,Jardins,2025-12-06,S
1674,31167954283267,Comercial Max LTDA,Rede de autopeças,Rio de Janeiro,RJ,Vila Madalena,2024-11-25,S
1675,86290251538642,Auto Parts Nacional LTDA,Autopeças independente,Fortaleza,CE,Setor Bueno,2022-03-31,S
1676,53.040.531/9841-05,Comercial Real EIRELI,Oficina mecânica,Campinas,SP,Boa Viagem,2024-07-07,S
1677,77037846797008,Centro Automotivo Nacional EIRELI,Auto center,Recife,PE,Cambuí,2023-05-25,S
1678,55017272797328,CENTRO AUTOMOTIVO FÊNIX ME,Retífica de motores,Curitiba,PR,Ipanema,2023-08-15,S
1679,13.406.368/0199-05,Retífica Brasil LTDA,Rede de autopeças,Belo Horizonte,MG,Asa Sul,2024-10-13,S
1680,11.706.485/7968-86,Comércio de Peças Roda Livre LTDA,Retífica de motores,Fortaleza,CE,Centro,2023-07-30,S
1681,81388190114567,Mecânica Real EIRELI,Rede de autopeças,Porto Alegre,RS,Pinheiros,2022-06-01,S
1682,70.921.764/5177-02,PEÇAS E SERVIÇOS MAX ME,Autopeças independente,Rio de Janeiro,RJ,Bela Vista,25/10/2023,S
1683,72532095928489,Rede União LTDA ME,Funilaria e pintura,Fortaleza,CE,Aldeota,2021-07-22,S
1684,93.357.024/0939-86,Distribuidora Nobre S/A,E-commerce de peças,Goiânia,GO,Batel,2026-05-14,S
1685,98356523918867,PEÇAS E SERVIÇOS POPULAR ME,Auto center,Curitiba,PR,Setor Bueno,2025-02-07,S
1686,20166334014215,Auto Center União ME,E-commerce de peças,Recife,PE,Vila Madalena,2022-06-09,S
1687,88623357044455,Mecânica Vitória EIRELI,E-commerce de peças,Belo Horizonte,MG,Moema,2024-01-05,N
1688,54944957421884,Auto Parts Titan S/A,E-commerce de peças,Fortaleza,CE,Ipanema,2023-08-31,N
1689,11.647.924/6429-98,Casa das Peças Pista S/A,Funilaria e pintura,Goiânia,GO,Pituba,2025-11-26,S
1690,91.530.075/1451-83,Comercial Nova Era LTDA,Concessionária,Campinas,SP,Aldeota,2023-02-10,S
1691,24531081246437,Auto Center Apex ME,Rede de autopeças,Brasília,DF,Moema,2021-09-02,S
1692,60669610696374,Importadora Cruzeiro LTDA ME,Concessionária,Campinas,SP,Jardins,2024-02-05,S
1693,61471590112502,Rede Titan ME,Autopeças independente,São Paulo,SP,Pituba,2024-10-16,S
1694,86832120861498,Auto Center Paulista LTDA ME,Auto center,Goiânia,GO,Aldeota,2024-10-08,S
1695,20014144246073,Distribuidora Apex S/A,Rede de autopeças,Porto Alegre,RS,Bela Vista,2026-03-01,S
1696,99.475.763/7982-93,Importadora Brasil LTDA ME,Auto center,Salvador,BA,Higienópolis,2024-07-05,S
1697,67.607.410/5939-48,Importadora Motor LTDA,E-commerce de peças,Curitiba,PR,Cambuí,2024-02-03,S
1698,02858696609635,Retífica Marajó EIRELI,Rede de autopeças,Recife,PE,Boa Viagem,2022-12-12,S
1699,84262264418024,Comercial Vitória S/A,Autopeças independente,Rio de Janeiro,RJ,Cambuí,2022-09-25,S
1700, 52437795076557 ,Retífica Max ME,E-commerce de peças,Curitiba,PR,Boa Viagem,2023-06-02,S
1701,84.679.017/5227-92,Loja Rota ME,Rede de autopeças,Salvador,BA,Pinheiros,2023-02-19,S
1702,99.902.038/5407-00,Rede Vitória LTDA,Retífica de motores,Campinas,SP,Setor Bueno,2021-07-12,S
1703,57538513976352,Auto Center Fênix ME,E-commerce de peças,Goiânia,GO,Jardins,28/01/2023,S
1704, 06334611897873 ,LOJA NOBRE ME,Rede de autopeças,Belo Horizonte,MG,Bela Vista,2025-03-03,N
1705,91716033308544,Peças e Serviços Rota LTDA ME,E-commerce de peças,Rio de Janeiro,RJ,Boa Viagem,2024-03-08,S
1706,93137880210936,Loja Anhanguera LTDA ME,Rede de autopeças,Campinas,SP,Vila Madalena,2021-12-12,S
1707,64.554.590/3481-95,LOJA ECONÔMICA LTDA ME,Retífica de motores,Fortaleza,CE,Cambuí,2024-12-23,S
1708,08.923.331/3514-85,AUTO ELÉTRICA BOSCH CAR ME,Autopeças independente,Curitiba,PR,Centro,2022-10-14,S
1709,06.741.514/4876-21,Loja Vitória ME,Funilaria e pintura,Recife,PE,Aldeota,2022-04-25,S
1710,94069572520235,Rede Brasil ME,Auto center,Belo Horizonte,MG,Boa Viagem,2021-10-29,S
1711, 89199495165991 ,Casa das Peças Vitória EIRELI,Rede de autopeças,Brasília,DF,Cambuí,2021-05-25,S
1712,00415242867855,Auto Peças Nova Era S/A,Autopeças independente,Goiânia,GO,Pituba,2023-03-28,S
1713,01467093672502,Rede Titan LTDA,Autopeças independente,Salvador,BA,Jardins,2021-11-05,S
1714,34.603.161/3407-99,Auto Center Nova Era EIRELI,Retífica de motores,Fortaleza,CE,Boa Viagem,2023-12-15,S
1715,28328678515066,Peças e Serviços Líder LTDA ME,Retífica de motores,Porto Alegre,RS,Cambuí,2021-09-30,S
1716,61668940936364,Importadora Bandeirante EIRELI,Oficina mecânica,Recife,PE,Vila Madalena,2022-05-21,S
1717,33956322451825,Auto Peças Marajó LTDA,Retífica de motores,Rio de Janeiro,RJ,Vila Madalena,2022-06-16,S
1718,48697848798963,Centro Automotivo Bosch Car ME,Funilaria e pintura,Fortaleza,CE,Jardins,2024-03-11,S
1719, 69225916423012 ,Centro Automotivo Master LTDA ME,Autopeças independente,Curitiba,PR,Savassi,2021-12-18,S
1720, 98637085536062 ,Mecânica Anhanguera LTDA ME,Funilaria e pintura,Rio de Janeiro,RJ,Ipanema,2025-10-29,S
1721,69.429.841/0400-32,Comércio de Peças Cruzeiro ME,Concessionária,Salvador,BA,Setor Bueno,2025-04-12,S
1722,35235611882038,Auto Parts Paulista EIRELI,Rede de autopeças,Recife,PE,Vila Madalena,2024-08-26,S
1723,18531112817790,Casa das Peças Garra ME,Rede de autopeças,Campinas,SP,Setor Bueno,2023-07-01,S
1724, 13265984503379 ,Auto Parts Turbo LTDA ME,E-commerce de peças,Brasília,DF,Ipanema,2024-05-24,S
1725,13245275671950,REDE ECONÔMICA LTDA ME,Auto center,Curitiba,PR,Batel,2025-10-18,S
1726,52494891852983,Comercial Rodovia EIRELI,Concessionária,Recife,PE,Aldeota,2021-10-28,S
1727, 49136165765282 ,Auto Peças Rodovia EIRELI,Rede de autopeças,Recife,PE,Centro,2023-12-02,S
1728,94849434577661,Auto Parts Fortaleza EIRELI,Rede de autopeças,Belo Horizonte,MG,Jardins,2023-05-04,S
1729,15.956.783/2395-93,Auto Elétrica Aurora LTDA,Retífica de motores,Goiânia,GO,Aldeota,2022-07-09,N
1730,18536087807202,Rede Titan S/A,Funilaria e pintura,Recife,PE,Savassi,2024-07-04,S
1731,09966763720373,Mecânica Bosch Car LTDA ME,Funilaria e pintura,Belo Horizonte,MG,Aldeota,2023-01-06,S
1732,05.657.439/6770-54,Casa das Peças Brasil LTDA,Funilaria e pintura,Goiânia,GO,Centro,2022-06-24,S
1733,54688730588681,MECÂNICA MOTOR ME,Oficina mecânica,Manaus,AM,Boa Viagem,05/05/2024,S
1734,25.478.009/5804-01,Auto Elétrica Apex LTDA,Oficina mecânica,Recife,PE,Moema,2023-01-09,S
1735,00738854673474,CASA DAS PEÇAS VELOZ LTDA,Funilaria e pintura,Campinas,SP,Asa Sul,2023-04-21,S
1736,98596718321305,Auto Center Ipê EIRELI,E-commerce de peças,Rio de Janeiro,RJ,Savassi,2026-03-09,S
1737,03.594.094/2941-25,Rede Diamante ME,Autopeças independente,Goiânia,GO,Higienópolis,2021-07-03,S
1738,67.660.628/9513-40,Loja Turbo S/A,Auto center,Campinas,SP,Setor Bueno,2023-06-24,S
1739,30818363293970,Auto Parts Aurora ME,Rede de autopeças,Campinas,SP,Pituba,2023-08-29,S
1740,81851331178605,Retífica Anhanguera LTDA,Rede de autopeças,Porto Alegre,RS,Higienópolis,2022-03-20,S
1741,03.028.757/4058-92,Rede Prime LTDA,Autopeças independente,Belo Horizonte,MG,Pituba,03/05/2023,S
1742,92497265571364,CENTRO AUTOMOTIVO GUARÁ LTDA,Auto center,Rio de Janeiro,RJ,Setor Bueno,2021-06-09,S
1743,52574488252699,Comércio de Peças Fortaleza LTDA,Oficina mecânica,Fortaleza,CE,Vila Madalena,2024-05-25,S
1744,38515764670506,AUTO PEÇAS NACIONAL LTDA,Funilaria e pintura,Curitiba,PR,Barra,2026-05-17,S
1745,02758603456333,Loja Potência EIRELI,Funilaria e pintura,Salvador,BA,Cambuí,2021-08-22,S
1746,15578263880324,Retífica do Sul LTDA ME,Rede de autopeças,Salvador,BA,Bela Vista,2023-11-09,S
1747,97476237038547,Auto Parts Motor LTDA,Concessionária,Recife,PE,Meireles,2021-07-12,S
1748,22.941.232/8062-53,Casa das Peças Onix EIRELI,Retífica de motores,Goiânia,GO,Asa Sul,2021-06-02,N
1749,92588314003563,Loja Nobre ME,Concessionária,Brasília,DF,Setor Bueno,2025-02-10,S
1750, 47986571689621 ,Auto Parts Rota ME,Autopeças independente,São Paulo,SP,Vila Madalena,2025-09-11,S
1751,64347608823092,Importadora Potência EIRELI,Concessionária,Salvador,BA,Meireles,2022-08-23,S
1752,63308460172628,Importadora Speed LTDA,Rede de autopeças,Rio de Janeiro,RJ,Setor Bueno,01/04/2025,S
1753,74911634303101,Auto Peças Marajó ME,Rede de autopeças,Campinas,SP,Ipanema,2022-06-29,S
1754,14.085.796/2295-11,Retífica Titan LTDA ME,Rede de autopeças,Porto Alegre,RS,Vila Madalena,2024-08-29,S
1755,02.604.690/1749-53,IMPORTADORA AURORA ME,Retífica de motores,Manaus,AM,Asa Sul,2021-10-21,N
1756,66788457321650,Auto Peças Ouro S/A,E-commerce de peças,São Paulo,SP,Ipanema,2023-09-04,S
1757,07.110.729/8502-30,Loja Master LTDA ME,Autopeças independente,Porto Alegre,RS,Higienópolis,2022-09-24,S
1758,31714795541298,Casa das Peças Vitória ME,Concessionária,Curitiba,PR,Higienópolis,2023-09-28,N
1759,20895217680126,Comércio de Peças Econômica ME,Oficina mecânica,Campinas,SP,Batel,2024-10-17,S
1760, 13943032502749 ,Casa das Peças Prime S/A,Funilaria e pintura,Goiânia,GO,Setor Bueno,2022-06-11,N
1761,37654399942858,Auto Peças Fortaleza LTDA,Rede de autopeças,Campinas,SP,Vila Madalena,27/09/2024,S
1762,90.850.504/8715-90,Retífica Fênix ME,Funilaria e pintura,Belo Horizonte,MG,Jardins,07/01/2025,S
1763,47939117174003,Comércio de Peças Marajó EIRELI,E-commerce de peças,Porto Alegre,RS,Pituba,2023-03-27,S
1764,44.966.607/2366-04,Auto Parts Cruzeiro LTDA,Concessionária,Fortaleza,CE,Meireles,2022-01-13,S
1765,38252894043935,Comercial Pista EIRELI,Concessionária,Goiânia,GO,Aldeota,2024-01-06,S
1766,66848031636781,Auto Elétrica Ouro LTDA,E-commerce de peças,Manaus,AM,Barra,2022-02-03,S
1767,29839303953952,Auto Center Econômica S/A,Oficina mecânica,Porto Alegre,RS,Aldeota,2026-07-02,S
1768,01149974754737,Centro Automotivo Prime LTDA ME,Autopeças independente,Porto Alegre,RS,Setor Bueno,2026-04-26,S
1769,59.773.961/0340-57,Distribuidora Speed LTDA,Rede de autopeças,Recife,PE,Bela Vista,2023-07-08,S
1770,41756943072188,Rede Popular S/A,Retífica de motores,São Paulo,SP,Pinheiros,2022-02-10,S
1771,23.634.110/4857-86,Comercial Nova Era EIRELI,Retífica de motores,Fortaleza,CE,Boa Viagem,2022-02-24,S
1772,82912789885249,Auto Peças Paulista EIRELI,Autopeças independente,Rio de Janeiro,RJ,Ipanema,2025-10-20,S
1773,55373043763185,Comercial Econômica LTDA,Auto center,Brasília,DF,Asa Sul,2022-08-09,S
1774,14.400.040/7560-23,Retífica Vitória S/A,E-commerce de peças,Manaus,AM,Vila Madalena,07/11/2025,S
1775,28.854.273/4497-99,Peças e Serviços Turbo S/A,Oficina mecânica,Belo Horizonte,MG,Meireles,2023-11-01,S
1776,54758783710539,Auto Peças Prime LTDA ME,Autopeças independente,Recife,PE,Cambuí,2023-11-14,S
1777,01743040256004,Retífica Guará LTDA ME,Rede de autopeças,Recife,PE,Batel,2024-12-11,S
1778,71279717635064,Distribuidora Bandeirante S/A,Auto center,São Paulo,SP,Setor Bueno,2023-09-02,S
1779,17676227025431,Importadora Real EIRELI,Funilaria e pintura,Brasília,DF,Vila Madalena,2022-06-13,S
1780,25604678203690,Auto Elétrica Prime LTDA,Retífica de motores,Fortaleza,CE,Boa Viagem,2022-06-24,S
1781,34.097.312/2066-76,Loja Apex EIRELI,E-commerce de peças,Rio de Janeiro,RJ,Boa Viagem,2022-05-24,S
1782,16.943.532/8617-80,Loja Paulista LTDA,Retífica de motores,Campinas,SP,Aldeota,2022-08-15,S
1783,36788645552615,Comércio de Peças Anhanguera LTDA ME,Oficina mecânica,Rio de Janeiro,RJ,Boa Viagem,2024-09-12,S
1784,08687441235998,Rede Prime S/A,Oficina mecânica,Salvador,BA,Pinheiros,2022-03-28,S
1785,00625515179751,Retífica Diamante ME,E-commerce de peças,Recife,PE,Boa Viagem,2026-02-16,S
1786,44.580.197/6213-46,Casa das Peças Anhanguera ME,Rede de autopeças,Curitiba,PR,Vila Madalena,2024-03-03,S
1787,22247081014812,Casa das Peças Econômica S/A,Retífica de motores,Curitiba,PR,Higienópolis,2021-05-27,S
1788,43748126817930,Casa das Peças Pista S/A,Autopeças independente,Campinas,SP,Centro,2024-08-03,S
1789,80.814.033/4050-81,Auto Parts Speed S/A,Funilaria e pintura,Campinas,SP,Vila Madalena,2024-05-26,S
1790,90.213.116/6946-02,Retífica Veloz EIRELI,Rede de autopeças,Goiânia,GO,Savassi,25/06/2025,S
1791,59836207498849,Comércio de Peças Master S/A,Concessionária,Campinas,SP,Barra,2022-11-14,S
1792,46565716657813,Loja Garra ME,Oficina mecânica,Manaus,AM,Pinheiros,2024-07-17,S
1793,64.508.629/5322-30,Centro Automotivo Motor LTDA ME,E-commerce de peças,Rio de Janeiro,RJ,Savassi,2022-01-09,S
1794,13.955.745/8618-05,Auto Center Bosch Car ME,E-commerce de peças,Recife,PE,Asa Sul,2025-05-10,S
1795,78.859.881/9206-96,Centro Automotivo Ipê S/A,Funilaria e pintura,Campinas,SP,Batel,2022-07-31,S
1796, 22368312753418 ,Mecânica Speed LTDA ME,Oficina mecânica,Recife,PE,Jardins,2023-07-08,S
1797,80177106294502,Importadora Max ME,E-commerce de peças,Belo Horizonte,MG,Meireles,03/07/2022,S
1798,43.910.323/1866-79,Importadora Nova Era EIRELI,Rede de autopeças,Campinas,SP,Batel,2024-05-22,S
1799,11040838437826,REDE BRASIL S/A,Auto center,Manaus,AM,Barra,2024-07-27,S
1800,42.253.939/2242-57,Auto Parts Onix EIRELI,Concessionária,Manaus,AM,Cambuí,2021-12-30,N
1801,88521148460363,Peças e Serviços Rota EIRELI,Auto center,Rio de Janeiro,RJ,Centro,11/10/2025,S
1802,47.598.358/9477-06,Centro Automotivo Motor ME,Funilaria e pintura,Campinas,SP,Barra,2021-06-09,S
1803,02546167946778,Importadora Guará LTDA,Rede de autopeças,Campinas,SP,Cambuí,2024-04-15,S
1804,59.211.857/2350-19,Casa das Peças Diamante LTDA ME,Auto center,Porto Alegre,RS,Meireles,2023-02-04,S
1805,65.499.779/1782-20,Peças e Serviços Bosch Car LTDA,Retífica de motores,Goiânia,GO,Boa Viagem,2024-06-03,S
1806,69.062.515/7595-14,Comercial Prime LTDA ME,Autopeças independente,Recife,PE,Centro,2021-05-27,S
1807,04587242274966,Rede Aurora S/A,Concessionária,São Paulo,SP,Jardins,2022-09-17,S
1808,17.197.251/2343-35,Auto Center Nacional LTDA ME,Auto center,Salvador,BA,Meireles,15/05/2023,S
1809,26.587.503/1049-79,Retífica Onix ME,Auto center,Manaus,AM,Centro,2024-02-26,S
1810,19907466697472,Mecânica Max EIRELI,Concessionária,Recife,PE,Bela Vista,01/03/2024,S
1811,03.253.695/2558-76,Auto Center Potência LTDA,Auto center,Curitiba,PR,Boa Viagem,2024-09-11,S
1812,94764612614993,Comércio de Peças Econômica LTDA ME,Funilaria e pintura,Curitiba,PR,Aldeota,26/05/2022,S
1813,44390951956630,Comércio de Peças Líder LTDA,Funilaria e pintura,Manaus,AM,Jardins,28/04/2024,S
1814,64.078.704/8113-53,Peças e Serviços Líder EIRELI,Funilaria e pintura,Rio de Janeiro,RJ,Pituba,2021-12-31,S
1815,95986777055489,Centro Automotivo Brasil ME,Autopeças independente,Belo Horizonte,MG,Pinheiros,2021-05-23,S
1816,15482700293313,Retífica Marajó LTDA ME,Funilaria e pintura,Goiânia,GO,Moema,2023-12-13,S
1817,84157712918425,Peças e Serviços Titan LTDA ME,Oficina mecânica,Brasília,DF,Ipanema,2024-04-25,S
1818,22355285870630,Rede Líder ME,Concessionária,Goiânia,GO,Batel,2023-10-28,S
1819,89715359647268,Rede Fortaleza EIRELI,Auto center,Fortaleza,CE,Cambuí,2022-12-07,N
1820,28310185088087,Loja Speed EIRELI,E-commerce de peças,Campinas,SP,Centro,2022-11-24,S
1821,10.886.797/4476-19,Comercial Central LTDA ME,Rede de autopeças,São Paulo,SP,Setor Bueno,2023-06-25,S
1822,33347749633792,Mecânica Marajó LTDA,Rede de autopeças,Salvador,BA,Moema,18/10/2023,S
1823,37.438.734/5052-19,Comercial Vitória ME,Autopeças independente,Belo Horizonte,MG,Centro,2026-06-11,S
1824,96291459773660,Centro Automotivo Master S/A,Oficina mecânica,Campinas,SP,Aldeota,2021-06-18,S
1825,36.653.978/8587-48,Rede do Sul ME,Oficina mecânica,Fortaleza,CE,Higienópolis,2022-09-23,S
1826, 49616395257477 ,COMERCIAL PAULISTA LTDA,Auto center,Porto Alegre,RS,Bela Vista,2021-12-17,S
1827,75.619.189/8755-79,AUTO ELÉTRICA ROTA S/A,Funilaria e pintura,Fortaleza,CE,Centro,2021-08-27,S
1828,90.545.173/6585-40,Casa das Peças Veloz EIRELI,Retífica de motores,Salvador,BA,Boa Viagem,2022-11-11,S
1829,71.239.330/6533-53,Auto Elétrica Cruzeiro S/A,Auto center,Belo Horizonte,MG,Pinheiros,2022-08-09,S
1830,82.196.087/8757-88,AUTO PEÇAS FÊNIX LTDA ME,Auto center,Belo Horizonte,MG,Pituba,07/11/2023,S
1831,83.666.097/9785-50,Auto Center Nobre LTDA,E-commerce de peças,Goiânia,GO,Batel,2024-05-11,S
1832,90107932265278,Loja Rota EIRELI,Rede de autopeças,Belo Horizonte,MG,Moema,2023-10-13,S
1833,71177539872458,Loja Garra S/A,Auto center,Recife,PE,Setor Bueno,2024-02-29,N
1834, 53805365972683 ,Comercial Ouro ME,Autopeças independente,Salvador,BA,Vila Madalena,2025-12-09,S
1835,21.281.568/3870-27,Centro Automotivo União S/A,Funilaria e pintura,Fortaleza,CE,Savassi,2021-10-01,S
1836,92.413.717/3063-90,Retífica Fênix S/A,Funilaria e pintura,Manaus,AM,Bela Vista,2021-09-14,S
1837,81672386656067,Loja Garra LTDA ME,Oficina mecânica,Recife,PE,Cambuí,2021-12-22,S
1838,57.725.040/2589-88,Importadora Onix LTDA ME,Oficina mecânica,São Paulo,SP,Cambuí,08/03/2026,S
1839,57.208.024/1041-50,Importadora União LTDA,E-commerce de peças,Porto Alegre,RS,Centro,2022-01-19,S
1840,61155661340475,Mecânica Titan LTDA,Oficina mecânica,Rio de Janeiro,RJ,Higienópolis,2025-07-17,S
1841,70.699.064/9493-56,Peças e Serviços Anhanguera LTDA ME,Autopeças independente,Belo Horizonte,MG,Meireles,2022-09-19,S
1842,22.455.817/0833-51,AUTO PARTS NOVA ERA S/A,Concessionária,Fortaleza,CE,Vila Madalena,03/01/2023,S
1843,90004539804886,Mecânica Fortaleza LTDA,Oficina mecânica,Curitiba,PR,Pinheiros,2021-11-21,S
1844,09987317098166,Peças e Serviços Nova Era ME,Retífica de motores,Fortaleza,CE,Higienópolis,2021-09-05,S
1845,12.815.016/4546-62,Retífica Apex ME,Retífica de motores,Goiânia,GO,Batel,2022-08-06,S
1846,87622957947450,Casa das Peças Master ME,Auto center,Goiânia,GO,Moema,2026-04-01,S
1847,16.042.614/4716-50,Loja União LTDA ME,Retífica de motores,Fortaleza,CE,Ipanema,2023-03-09,S
1848,29.694.541/9137-80,Distribuidora Central LTDA,Auto center,Brasília,DF,Higienópolis,31/03/2023,S
1849,39.652.427/6074-14,Comércio de Peças Diamante LTDA ME,E-commerce de peças,Fortaleza,CE,Meireles,2022-03-22,S
1850,25556183262138,Importadora Max LTDA,Oficina mecânica,Porto Alegre,RS,Ipanema,2023-03-28,S
1851,52.750.568/8084-82,Auto Peças Ipê LTDA ME,Auto center,Belo Horizonte,MG,Setor Bueno,2024-08-05,N
1852,29.378.132/6727-33,Peças e Serviços Speed LTDA ME,Concessionária,Campinas,SP,Vila Madalena,2023-10-21,S
1853,88.194.687/7492-94,COMÉRCIO DE PEÇAS ECONÔMICA LTDA ME,Funilaria e pintura,Salvador,BA,Pituba,02/03/2023,S
1854,66849053667832,Auto Elétrica Diamante LTDA,Retífica de motores,Manaus,AM,Centro,2025-10-12,S
1855,03.883.331/5180-16,Auto Parts Paulista LTDA ME,Autopeças independente,Porto Alegre,RS,Jardins,2022-05-31,S
1856,38895311543978,Loja Econômica EIRELI,Funilaria e pintura,Goiânia,GO,Moema,21/02/2024,N
1857,60.862.365/0460-26,AUTO CENTER MOTOR S/A,E-commerce de peças,Recife,PE,Cambuí,2023-09-10,S
1858,26135062108401,Centro Automotivo Vitória LTDA ME,Auto center,Brasília,DF,Bela Vista,2022-11-10,N
1859,97.526.866/5083-68,Mecânica Popular LTDA,Concessionária,Goiânia,GO,Barra,2024-02-24,S
1860,08714390390920,Distribuidora Brasil LTDA,Rede de autopeças,Curitiba,PR,Boa Viagem,2024-05-18,S
1861, 74857988892132 ,Centro Automotivo Nobre S/A,Oficina mecânica,Porto Alegre,RS,Meireles,2024-12-30,S
1862,72540149384754,Distribuidora Onix S/A,Rede de autopeças,Goiânia,GO,Higienópolis,2023-05-10,N
1863,92463669837555,Rede Veloz S/A,Oficina mecânica,Fortaleza,CE,Jardins,2024-07-29,N
1864,77099031721135,Distribuidora Onix EIRELI,Funilaria e pintura,Manaus,AM,Vila Madalena,2025-03-17,S
1865,01.460.193/3520-62,Rede União ME,Rede de autopeças,Rio de Janeiro,RJ,Pinheiros,2023-09-11,S
1866,66.331.614/0823-10,Importadora Bandeirante S/A,Auto center,Belo Horizonte,MG,Aldeota,2024-04-24,S
1867,05199508190056,Distribuidora Vitória ME,Funilaria e pintura,Porto Alegre,RS,Barra,2022-03-13,S
1868,17635241302286,Comércio de Peças Aurora EIRELI,Autopeças independente,Salvador,BA,Centro,2021-12-26,S
1869,23577741490571,Auto Peças Popular S/A,Concessionária,Goiânia,GO,Pituba,2021-11-16,S
1870,52.615.878/9891-68,Rede Prime LTDA,Oficina mecânica,Campinas,SP,Asa Sul,2024-12-18,S
1871,84546731371741,Casa das Peças Líder LTDA ME,Autopeças independente,Porto Alegre,RS,Setor Bueno,2021-06-15,S
1872,08570340117617,Auto Peças Econômica LTDA,Funilaria e pintura,Salvador,BA,Batel,2024-07-04,S
1873,31.817.203/5796-56,Comercial Master EIRELI,Retífica de motores,Brasília,DF,Batel,2024-11-05,S
1874,07824116434241,DISTRIBUIDORA ONIX LTDA ME,Auto center,Manaus,AM,Batel,2023-12-26,S
1875,22.306.421/1684-60,Mecânica Prime EIRELI,Oficina mecânica,Brasília,DF,Barra,2023-05-31,S
1876,66521746453316,Rede Fortaleza LTDA,Oficina mecânica,Manaus,AM,Setor Bueno,2023-02-26,S
1877,37134631078907,Centro Automotivo Aurora LTDA,Oficina mecânica,Manaus,AM,Bela Vista,2021-09-01,S
1878,41.544.747/3343-59,Loja Rota LTDA ME,Auto center,São Paulo,SP,Ipanema,11/05/2026,S
1879,31750409370118,Auto Parts Veloz LTDA,Auto center,Salvador,BA,Ipanema,01/11/2022,S
1880,55095792818472,Auto Elétrica Rodovia S/A,Autopeças independente,São Paulo,SP,Boa Viagem,2022-06-25,S
1881,11.954.062/7890-88,Comércio de Peças Paulista ME,Funilaria e pintura,Recife,PE,Savassi,2024-05-14,S
1882, 59282233125677 ,Distribuidora Ipê LTDA ME,Funilaria e pintura,Goiânia,GO,Boa Viagem,2023-11-26,S
1883,14134277323573,AUTO CENTER APEX ME,Concessionária,Manaus,AM,Asa Sul,2021-12-03,S
1884,93.741.587/1994-25,Peças e Serviços Bandeirante EIRELI,Oficina mecânica,Fortaleza,CE,Centro,21/05/2024,S
1885,55.877.993/6427-37,Auto Center Bandeirante LTDA,Concessionária,Goiânia,GO,Moema,2021-05-22,S
1886,13511133010753,Rede Potência LTDA ME,Autopeças independente,Belo Horizonte,MG,Asa Sul,2022-07-31,S
1887,12322232087385,Auto Peças Nacional LTDA,E-commerce de peças,Porto Alegre,RS,Centro,2026-04-13,S
1888,87837921316822,COMÉRCIO DE PEÇAS LÍDER ME,Autopeças independente,Salvador,BA,Ipanema,2022-07-25,S
1889,17.844.988/3803-74,Mecânica Estrada LTDA,Funilaria e pintura,Curitiba,PR,Meireles,2022-03-20,S
1890,49462455407700,Auto Parts Fortaleza S/A,Oficina mecânica,Campinas,SP,Meireles,2022-11-14,S
1891,11808293850284,Comercial União LTDA ME,Concessionária,Brasília,DF,Barra,2021-11-29,S
1892,64153307066670,Rede Vitória LTDA,Retífica de motores,Salvador,BA,Moema,2025-04-27,S
1893,55309373134037,Comercial Nova Era LTDA ME,Auto center,Goiânia,GO,Meireles,2021-11-27,N
1894,89200458207216,Comércio de Peças Diamante ME,Auto center,Rio de Janeiro,RJ,Higienópolis,2023-08-25,S
1895,32.550.652/9905-36,Comércio de Peças Garra LTDA ME,Retífica de motores,Fortaleza,CE,Jardins,2022-03-13,S
1896,89035508199684,Loja Nacional S/A,Oficina mecânica,Fortaleza,CE,Aldeota,2023-02-11,S
1897,05405155674092,Comercial Fênix S/A,Auto center,Belo Horizonte,MG,Jardins,2025-10-09,S
1898,13414058067091,Mecânica Brasil EIRELI,E-commerce de peças,São Paulo,SP,Centro,2023-03-30,S
1899,04004645497683,Auto Center Pista EIRELI,Auto center,São Paulo,SP,Setor Bueno,2023-01-05,S
1900,99.246.625/7601-38,Importadora Nova Era LTDA,Oficina mecânica,Brasília,DF,Savassi,2024-06-13,S
1901,65.250.815/9590-43,Auto Elétrica União LTDA ME,Autopeças independente,Rio de Janeiro,RJ,Vila Madalena,2024-01-23,S
1902,76.310.323/1976-70,Auto Peças Potência S/A,Rede de autopeças,Fortaleza,CE,Setor Bueno,05/10/2023,S
1903,64.589.244/1832-81,Rede Turbo ME,Funilaria e pintura,Goiânia,GO,Asa Sul,2024-03-05,S
1904,92975914489400,Retífica Real EIRELI,Rede de autopeças,Manaus,AM,Barra,2021-06-13,S
1905,24.887.807/3767-64,Retífica Pista LTDA,Funilaria e pintura,Goiânia,GO,Asa Sul,2021-06-18,S
1906,19.187.162/8974-76,Auto Center Fênix LTDA,Rede de autopeças,Salvador,BA,Meireles,2022-02-07,S
1907,64259931769708,Auto Elétrica Marajó LTDA,Auto center,Belo Horizonte,MG,Ipanema,2022-09-05,S
1908,39.670.447/7714-05,Centro Automotivo Potência EIRELI,Auto center,Recife,PE,Centro,2022-02-22,S
1909,54494099857525,AUTO CENTER TURBO EIRELI,Funilaria e pintura,Salvador,BA,Higienópolis,2022-06-27,S
1910, 57663354205095 ,Auto Parts Rodovia LTDA ME,Auto center,Salvador,BA,Batel,2023-06-18,S
1911,58.870.894/2660-36,Auto Peças Guará LTDA ME,Autopeças independente,Goiânia,GO,Setor Bueno,2022-04-18,S
1912,94.350.079/6165-37,Distribuidora Aurora EIRELI,Auto center,Belo Horizonte,MG,Pituba,2021-11-21,S
1913,91916369507259,Rede Popular LTDA,Retífica de motores,Porto Alegre,RS,Pituba,2023-09-07,S
1914,98230700813349,Mecânica Roda Livre LTDA ME,E-commerce de peças,Fortaleza,CE,Boa Viagem,2026-01-05,S
1915, 94180169599112 ,Casa das Peças Paulista ME,Rede de autopeças,Porto Alegre,RS,Savassi,2021-06-17,S
1916,79146595112033,RETÍFICA SPEED LTDA ME,Autopeças independente,Brasília,DF,Vila Madalena,2021-07-07,S
1917,23943837542884,Retífica Titan S/A,Funilaria e pintura,Porto Alegre,RS,Cambuí,2026-01-04,N
1918, 02772179316250 ,Mecânica Motor S/A,Concessionária,Curitiba,PR,Asa Sul,2022-10-27,S
1919,48.372.687/7938-89,Peças e Serviços Anhanguera LTDA ME,Retífica de motores,Campinas,SP,Bela Vista,2023-03-02,S
1920,78.691.040/7629-69,Centro Automotivo Turbo LTDA ME,E-commerce de peças,Porto Alegre,RS,Bela Vista,2022-07-14,N
1921,40410719129433,Auto Elétrica do Sul S/A,Rede de autopeças,São Paulo,SP,Setor Bueno,2025-03-04,S
1922,55019353110158,Distribuidora Apex ME,Auto center,Curitiba,PR,Jardins,2022-12-23,S
1923,17493175607302,Loja Turbo ME,Auto center,Manaus,AM,Pituba,2024-02-02,S
1924,01014926218922,Rede Veloz S/A,Rede de autopeças,Campinas,SP,Asa Sul,2024-09-01,S
1925, 66025143580471 ,Retífica Turbo EIRELI,Autopeças independente,Goiânia,GO,Cambuí,2024-04-23,S
1926,19596027693477,Auto Parts Pista EIRELI,Oficina mecânica,Rio de Janeiro,RJ,Cambuí,2022-03-21,S
1927, 42246406948617 ,Casa das Peças Fortaleza ME,Retífica de motores,São Paulo,SP,Pituba,2022-10-11,S
1928,48.816.058/0197-55,Importadora Bosch Car LTDA ME,Rede de autopeças,Rio de Janeiro,RJ,Cambuí,22/02/2025,S
1929, 44144294267088 ,Peças e Serviços Cruzeiro LTDA,Autopeças independente,Porto Alegre,RS,Bela Vista,2024-04-30,S
1930,68497042416981,Peças e Serviços União LTDA,Auto center,Belo Horizonte,MG,Centro,2024-09-06,N
1931,14365972397661,Auto Parts Master EIRELI,Retífica de motores,Brasília,DF,Pituba,2024-05-27,S
1932,75180077842845,Comércio de Peças Prime LTDA ME,Retífica de motores,Rio de Janeiro,RJ,Pituba,2022-08-21,S
1933,67.219.228/3491-43,Importadora Potência ME,Concessionária,Recife,PE,Boa Viagem,2024-08-11,S
1934,78.336.740/8912-05,Comercial Rota LTDA ME,E-commerce de peças,Goiânia,GO,Higienópolis,2021-05-24,S
1935,01225620836108,Auto Parts Anhanguera LTDA,Auto center,Brasília,DF,Boa Viagem,2025-09-02,S
1936,63.703.559/5915-16,Distribuidora Estrada ME,Retífica de motores,Manaus,AM,Pinheiros,2022-03-19,S
1937,86.360.253/6873-20,Auto Parts Potência LTDA,Oficina mecânica,Salvador,BA,Asa Sul,2025-06-10,N
1938,87.387.183/4100-06,Mecânica Potência ME,E-commerce de peças,Fortaleza,CE,Barra,2022-06-27,S
1939,46035608970649,Peças e Serviços Fortaleza LTDA ME,Autopeças independente,São Paulo,SP,Jardins,2023-04-19,S
1940,83047027890276,COMERCIAL LÍDER EIRELI,Funilaria e pintura,Salvador,BA,Jardins,2023-03-13,S
1941,98575473880842,Auto Elétrica Paulista ME,Rede de autopeças,Rio de Janeiro,RJ,Centro,14/12/2021,S
1942,53.205.285/1550-13,Auto Peças Master S/A,Retífica de motores,Salvador,BA,Ipanema,2025-12-24,N
1943,13.918.418/0514-12,Importadora Marajó LTDA,Autopeças independente,Salvador,BA,Ipanema,2024-07-18,N
1944,99332769268994,Distribuidora Fênix ME,Funilaria e pintura,Recife,PE,Boa Viagem,2025-12-21,S
1945,06.056.360/7124-13,Auto Peças Titan EIRELI,Retífica de motores,Goiânia,GO,Moema,2025-07-02,S
1946, 69436436531459 ,Rede Master EIRELI,Rede de autopeças,Recife,PE,Higienópolis,2023-02-06,S
1947,46318798976330,Importadora Central ME,Concessionária,Rio de Janeiro,RJ,Bela Vista,2025-06-15,S
1948,19.602.509/2704-00,Rede Onix S/A,Rede de autopeças,Curitiba,PR,Jardins,2026-03-14,S
1949,26027578966368,Peças e Serviços Prime LTDA,Auto center,Campinas,SP,Bela Vista,2024-07-04,S
1950,33097019982477,Casa das Peças Popular S/A,Auto center,Belo Horizonte,MG,Pinheiros,2024-05-21,S
1951,98.636.782/8168-96,Peças e Serviços Master S/A,Retífica de motores,São Paulo,SP,Boa Viagem,2025-10-14,S
1952,46580681792241,Centro Automotivo Brasil LTDA,Auto center,Brasília,DF,Jardins,2022-02-10,S
1953,80985448789048,Auto Center Apex LTDA ME,Oficina mecânica,Porto Alegre,RS,Batel,2025-11-01,S
1954,13180666405997,Centro Automotivo Marajó LTDA,Auto center,Belo Horizonte,MG,Meireles,2024-09-25,S
1955,53.712.688/7041-55,Retífica Speed LTDA ME,Retífica de motores,Belo Horizonte,MG,Moema,2021-12-10,S
1956,17562479944331,Auto Elétrica Nova Era LTDA,Concessionária,Belo Horizonte,MG,Pituba,2021-11-19,S
1957,08.407.846/4015-77,Loja Guará S/A,Rede de autopeças,Belo Horizonte,MG,Pituba,2023-01-08,S
1958,65.255.424/5866-72,Rede Prime ME,Autopeças independente,Salvador,BA,Vila Madalena,2023-09-02,S
1959,06015413827386,Peças e Serviços Potência ME,Funilaria e pintura,Porto Alegre,RS,Bela Vista,28/08/2021,S
1960,54.686.296/6103-56,Comercial Paulista ME,Autopeças independente,Belo Horizonte,MG,Moema,2022-07-31,S
1961,26273506001266,Auto Center Nacional LTDA,Autopeças independente,Goiânia,GO,Jardins,2023-01-26,S
1962,00.916.659/5454-30,Comércio de Peças Pista LTDA ME,E-commerce de peças,Rio de Janeiro,RJ,Boa Viagem,2026-02-14,S
1963,52.258.987/3073-21,Auto Elétrica Ipê LTDA,Oficina mecânica,São Paulo,SP,Aldeota,2022-05-12,N
1964,61171340250064,REDE ONIX EIRELI,Rede de autopeças,Brasília,DF,Setor Bueno,2025-12-14,S
1965,52650534774116,Casa das Peças Ultra S/A,Oficina mecânica,Recife,PE,Cambuí,2025-09-18,S
1966,87.592.041/5528-23,Rede Potência ME,Retífica de motores,Campinas,SP,Barra,2024-05-23,S
1967,97744433294578,Retífica Anhanguera EIRELI,Auto center,Belo Horizonte,MG,Jardins,2022-04-08,S
1968,72464972834190,Casa das Peças Pista S/A,Retífica de motores,Fortaleza,CE,Higienópolis,2022-05-16,S
1969,98299316421282,CENTRO AUTOMOTIVO POTÊNCIA LTDA,Oficina mecânica,Belo Horizonte,MG,Boa Viagem,2022-04-18,S
1970,10557999158434,Comercial Master ME,Oficina mecânica,Goiânia,GO,Barra,2022-09-14,S
1971,40708063139594,Auto Peças Prime EIRELI,Auto center,Porto Alegre,RS,Centro,2023-05-02,S
1972,12821112642181,Retífica Guará S/A,Auto center,Curitiba,PR,Aldeota,2022-11-17,S
1973,07050709506263,Distribuidora Fênix ME,Concessionária,Fortaleza,CE,Aldeota,2023-08-19,S
1974,98.047.078/9379-87,Auto Parts Pista ME,Concessionária,Fortaleza,CE,Vila Madalena,23/11/2021,S
1975,69.184.544/1983-85,Centro Automotivo Veloz LTDA ME,Concessionária,Curitiba,PR,Centro,2022-02-18,S
1976,15.995.274/7871-55,Auto Center Estrada S/A,Retífica de motores,Salvador,BA,Barra,2025-03-29,N
1977,34.756.196/1765-02,Distribuidora Fênix LTDA ME,Autopeças independente,Campinas,SP,Setor Bueno,2024-01-15,S
1978,58.700.512/5380-63,Comercial Titan LTDA ME,Autopeças independente,Goiânia,GO,Pinheiros,2024-02-19,S
1979,28792746226897,Importadora Paulista ME,Oficina mecânica,Curitiba,PR,Batel,18/11/2024,S
1980, 75793144494199 ,Rede Fênix LTDA ME,Oficina mecânica,São Paulo,SP,Asa Sul,2022-07-25,S
1981,40927715736850,Auto Elétrica Turbo LTDA,Concessionária,Brasília,DF,Meireles,22/12/2024,S
1982,67207591445661,Auto Parts Turbo LTDA,Auto center,Brasília,DF,Cambuí,2022-05-20,N
1983,34010265576475,Comercial Nobre ME,Rede de autopeças,Porto Alegre,RS,Pituba,2022-04-27,S
1984,10506859023309,Comercial Speed LTDA,Rede de autopeças,Porto Alegre,RS,Pituba,2023-01-02,S
1985,16537305342890,Importadora Anhanguera ME,Retífica de motores,Recife,PE,Jardins,01/12/2021,S
1986,61507106616903,Auto Peças Veloz S/A,Auto center,Campinas,SP,Savassi,2022-03-29,S
1987,97.796.319/9467-09,Auto Elétrica Pista LTDA ME,Auto center,Campinas,SP,Batel,01/07/2022,S
1988,30.878.847/7988-82,Centro Automotivo Real LTDA ME,Auto center,Brasília,DF,Pinheiros,2023-03-27,S
1989, 27482300971547 ,Auto Peças Central ME,Oficina mecânica,Recife,PE,Meireles,2022-10-21,S
1990, 11567814082824 ,Auto Parts Rota LTDA ME,Retífica de motores,Belo Horizonte,MG,Cambuí,2022-05-25,N
1991,23159637813191,Centro Automotivo Estrada LTDA,Funilaria e pintura,Porto Alegre,RS,Aldeota,2024-11-16,S
1992,64494058151939,Auto Peças Nacional LTDA,Auto center,Porto Alegre,RS,Moema,2023-03-29,S
1993,26890098606814,Centro Automotivo Apex LTDA ME,Rede de autopeças,Campinas,SP,Pituba,2022-12-10,S
1994,29420670805858,Mecânica Rodovia LTDA ME,Autopeças independente,Campinas,SP,Cambuí,2023-10-23,S
1995,40.030.315/1861-75,Comercial Speed S/A,Concessionária,Belo Horizonte,MG,Aldeota,2021-07-16,S
1996,19.495.832/5199-01,Casa das Peças Max S/A,Funilaria e pintura,Campinas,SP,Batel,2025-10-19,S
1997,70859426823955,Loja Titan LTDA,E-commerce de peças,Fortaleza,CE,Centro,2025-06-12,S
1998,57.694.151/3985-53,Auto Elétrica Onix LTDA,Funilaria e pintura,Salvador,BA,Meireles,16/10/2023,S
1999,17.525.232/4342-13,Importadora Rodovia EIRELI,Auto center,Curitiba,PR,Boa Viagem,2021-06-24,S
2000,33.500.645/5804-82,AUTO PEÇAS TITAN ME,Concessionária,Fortaleza,CE,Ipanema,2026-03-09,S
2001,29370625873608,Comércio de Peças Fênix LTDA ME,Concessionária,Manaus,AM,Meireles,2024-05-01,S
2002,16750115327034,Auto Peças Anhanguera EIRELI,E-commerce de peças,Campinas,SP,Higienópolis,2024-02-19,S
2003,63713799870805,Retífica Titan ME,Retífica de motores,Campinas,SP,Pinheiros,2023-04-12,S
2004,75.376.445/1256-22,COMÉRCIO DE PEÇAS VITÓRIA EIRELI,E-commerce de peças,Salvador,BA,Batel,2025-03-30,S
2005,61380718606993,Mecânica do Sul ME,Autopeças independente,Campinas,SP,Batel,2023-03-13,S
2006,62.986.042/7857-10,REDE TURBO EIRELI,Funilaria e pintura,Rio de Janeiro,RJ,Cambuí,2023-04-18,S
2007,62509694123528,Loja Fênix S/A,Autopeças independente,Campinas,SP,Bela Vista,2021-09-15,S
2008,81107149236036,Auto Parts Diamante EIRELI,Oficina mecânica,São Paulo,SP,Asa Sul,2026-06-28,S
2009,21.326.776/3831-91,Auto Parts Motor ME,Funilaria e pintura,Fortaleza,CE,Pituba,2025-07-09,S
2010,56.842.181/8018-74,Rede Titan ME,Funilaria e pintura,Fortaleza,CE,Ipanema,2024-12-03,S
2011,46.030.231/2178-17,Comercial Diamante EIRELI,Funilaria e pintura,Fortaleza,CE,Higienópolis,2024-07-29,S
2012,85.920.630/4165-27,Loja Marajó LTDA,Retífica de motores,Rio de Janeiro,RJ,Ipanema,2023-09-25,S
2013,01792513622380,Casa das Peças Bosch Car S/A,Autopeças independente,São Paulo,SP,Higienópolis,2025-12-04,S
2014,94014696136077,Rede Popular EIRELI,Concessionária,Rio de Janeiro,RJ,Higienópolis,2023-11-14,N
2015,35.333.501/6262-51,AUTO PEÇAS ULTRA LTDA ME,E-commerce de peças,Manaus,AM,Ipanema,2024-06-20,S
2016,51.332.096/7309-24,Comercial Anhanguera EIRELI,Retífica de motores,Manaus,AM,Vila Madalena,2024-09-01,S
2017,39036385743391,Loja Max LTDA,Autopeças independente,Curitiba,PR,Setor Bueno,2022-11-16,S
2018,67501468314650,Retífica Ipê EIRELI,Oficina mecânica,Belo Horizonte,MG,Setor Bueno,2025-05-20,S
2019,18190232016519,Importadora Ouro S/A,Autopeças independente,São Paulo,SP,Pituba,2021-09-28,S
2020,75.192.677/5046-16,Mecânica Vitória LTDA ME,E-commerce de peças,São Paulo,SP,Higienópolis,2023-10-11,S
2021,87.202.048/7103-65,Auto Center Paulista EIRELI,Rede de autopeças,Campinas,SP,Batel,2023-05-25,S
2022,71.974.531/4595-50,Rede Ultra S/A,Autopeças independente,Manaus,AM,Vila Madalena,2021-07-13,S
2023,47.356.427/2943-61,Loja Anhanguera ME,Autopeças independente,Salvador,BA,Jardins,2024-06-16,S
2024,46470236074170,Retífica Anhanguera EIRELI,Oficina mecânica,Rio de Janeiro,RJ,Meireles,2025-02-25,S
2025,34.176.228/0954-17,Rede Diamante ME,Autopeças independente,Rio de Janeiro,RJ,Aldeota,06/08/2022,S
2026,84828173933969,IMPORTADORA REAL EIRELI,Concessionária,Salvador,BA,Savassi,2026-03-11,S
2027,64.646.764/7856-25,Retífica Guará EIRELI,Oficina mecânica,São Paulo,SP,Batel,27/05/2024,S
2028,99.286.102/8551-43,Rede Ultra ME,Concessionária,São Paulo,SP,Boa Viagem,2021-09-15,S
2029,86.591.819/8052-83,Distribuidora Nobre LTDA ME,Oficina mecânica,Campinas,SP,Centro,2024-06-06,S
2030,30.388.401/6776-92,Auto Center Prime EIRELI,Retífica de motores,Brasília,DF,Pituba,2024-04-21,S
2031,70957445406914,Rede Onix S/A,Rede de autopeças,Goiânia,GO,Barra,2023-04-14,S
2032, 55676959792962 ,Loja Nova Era ME,Funilaria e pintura,Manaus,AM,Jardins,2026-01-01,S
2033,91905665141343,Rede Estrada ME,Rede de autopeças,Campinas,SP,Bela Vista,2024-07-20,S
2034,81.605.191/7024-23,Auto Parts Veloz LTDA ME,Auto center,Manaus,AM,Jardins,2022-04-09,N
2035,84341357168261,Auto Peças Anhanguera LTDA,Auto center,Rio de Janeiro,RJ,Asa Sul,2025-06-21,S
2036,35.414.556/4731-16,Peças e Serviços Nova Era ME,Concessionária,Fortaleza,CE,Centro,2021-10-19,N
2037,89438301485781,Importadora Fortaleza S/A,Rede de autopeças,Campinas,SP,Asa Sul,2022-05-27,S
2038,90.244.628/8261-73,RETÍFICA CRUZEIRO ME,Autopeças independente,Brasília,DF,Vila Madalena,2023-03-14,S
2039,49.318.137/2293-80,Centro Automotivo Diamante S/A,Funilaria e pintura,Rio de Janeiro,RJ,Barra,2022-12-16,S
2040,16.476.492/7386-81,Auto Elétrica Aurora ME,Auto center,Rio de Janeiro,RJ,Higienópolis,2023-07-13,S
2041,55392588302136,Retífica Prime EIRELI,Funilaria e pintura,Rio de Janeiro,RJ,Pituba,2024-10-23,S
2042,60287490726488,Loja Max LTDA ME,Funilaria e pintura,Fortaleza,CE,Moema,2024-10-02,S
2043,37939859308227,COMERCIAL ROTA EIRELI,Oficina mecânica,Brasília,DF,Vila Madalena,2025-11-10,S
2044,23207248611562,Distribuidora Vitória LTDA,Rede de autopeças,Manaus,AM,Asa Sul,17/05/2023,S
2045,14128044712083,Loja Guará EIRELI,Auto center,São Paulo,SP,Meireles,2026-03-16,S
2046,86173277606395,Peças e Serviços Speed S/A,Rede de autopeças,Brasília,DF,Ipanema,2024-04-19,S
2047,16.984.366/3375-61,Peças e Serviços Master LTDA ME,Funilaria e pintura,Porto Alegre,RS,Pituba,2021-10-29,S
2048,92945836188374,Distribuidora Turbo LTDA ME,Concessionária,Salvador,BA,Batel,2022-12-02,S
2049,02567021782959,Auto Center Brasil LTDA,Retífica de motores,Salvador,BA,Aldeota,2021-07-22,S
2050, 29403804374126 ,Retífica Bosch Car LTDA,Rede de autopeças,Curitiba,PR,Vila Madalena,2021-08-04,S
2051,99707839313294,Peças e Serviços Estrada ME,Oficina mecânica,Rio de Janeiro,RJ,Jardins,2025-12-27,N
2052,57.555.748/6328-10,Casa das Peças Rota LTDA,Autopeças independente,Recife,PE,Cambuí,2021-11-22,S
2053,38410960066161,DISTRIBUIDORA RODA LIVRE LTDA,Auto center,Fortaleza,CE,Boa Viagem,2024-11-21,S
2054,56.979.181/4336-97,Comércio de Peças Líder LTDA,Oficina mecânica,Manaus,AM,Meireles,2022-10-30,S
2055,60533882499696,Retífica do Sul EIRELI,Retífica de motores,Belo Horizonte,MG,Jardins,22/07/2022,S
2056,03.634.874/5126-19,Auto Peças Apex S/A,Autopeças independente,Porto Alegre,RS,Centro,2023-04-27,S
2057,44312134557999,Rede Marajó LTDA ME,Auto center,Manaus,AM,Higienópolis,2024-07-01,S
2058,06365783715104,Auto Center Bandeirante LTDA ME,Auto center,Curitiba,PR,Meireles,2026-01-11,S
2059,24967371967557,Auto Elétrica Real EIRELI,Concessionária,Manaus,AM,Centro,2021-05-27,S
2060,94438826976941,Comercial Bosch Car S/A,Rede de autopeças,Brasília,DF,Bela Vista,2023-05-08,S
2061,69.087.863/9141-83,Loja Marajó EIRELI,E-commerce de peças,Goiânia,GO,Asa Sul,09/11/2022,S
2062,70.725.445/2786-10,Auto Parts Prime EIRELI,Concessionária,Belo Horizonte,MG,Aldeota,2022-10-18,S
2063,93914603782803,AUTO PEÇAS RODA LIVRE S/A,Retífica de motores,Rio de Janeiro,RJ,Ipanema,2022-11-28,S
2064,70.750.139/9392-56,Mecânica Potência LTDA ME,Auto center,Fortaleza,CE,Moema,2022-02-19,S
2065,71.862.667/8616-33,Auto Elétrica Real ME,Retífica de motores,Fortaleza,CE,Vila Madalena,2021-07-09,S
2066,98640946654977,Retífica Líder EIRELI,Funilaria e pintura,Campinas,SP,Barra,01/07/2024,S
2067,54.121.762/0801-28,Distribuidora Max LTDA,Concessionária,Goiânia,GO,Boa Viagem,2023-04-09,S
2068,36.504.568/6969-00,Centro Automotivo Rodovia EIRELI,Funilaria e pintura,Salvador,BA,Setor Bueno,2024-03-22,N
2069, 15758427686127 ,Auto Peças Turbo ME,Funilaria e pintura,Porto Alegre,RS,Vila Madalena,2022-02-25,S
2070,42.018.445/7661-62,Auto Elétrica Speed EIRELI,Oficina mecânica,Goiânia,GO,Meireles,11/06/2021,N
2071,17326523465546,Auto Elétrica Guará LTDA ME,Funilaria e pintura,Porto Alegre,RS,Boa Viagem,2024-11-03,S
2072,01.989.289/1435-35,AUTO PEÇAS NOBRE ME,Oficina mecânica,Porto Alegre,RS,Higienópolis,2023-03-15,S
2073,07813847513407,Retífica Real S/A,Oficina mecânica,Recife,PE,Batel,2023-02-20,S
2074,55465120690611,Centro Automotivo Motor LTDA ME,Auto center,São Paulo,SP,Barra,2022-09-18,S
2075,15846439442805,Casa das Peças Titan ME,Autopeças independente,Curitiba,PR,Ipanema,31/03/2023,S
2076,78730539003432,Importadora Marajó EIRELI,Concessionária,São Paulo,SP,Ipanema,12/10/2023,S
2077,62849756578339,Mecânica Nacional LTDA,E-commerce de peças,Manaus,AM,Ipanema,2023-04-23,N
2078,88.578.782/8095-72,Auto Center do Sul S/A,Funilaria e pintura,Brasília,DF,Vila Madalena,2025-12-01,S
2079,98460745625670,Importadora Titan S/A,Auto center,Campinas,SP,Bela Vista,2023-07-01,S
2080,09802075204690,Importadora Diamante LTDA ME,Funilaria e pintura,Salvador,BA,Higienópolis,2022-01-28,S
2081,39202444073197,Auto Peças Diamante ME,Autopeças independente,Fortaleza,CE,Meireles,20/03/2024,S
2082,29169426166647,Peças e Serviços Garra ME,Auto center,Fortaleza,CE,Aldeota,2024-04-19,S
2083,20831300161832,Distribuidora Nacional EIRELI,Autopeças independente,Salvador,BA,Pinheiros,2024-02-29,S
2084,43.086.042/8316-72,Retífica Diamante EIRELI,Rede de autopeças,Manaus,AM,Jardins,05/07/2025,S
2085,06737788921418,Comercial Prime S/A,Concessionária,Recife,PE,Pituba,2025-12-15,S
2086,01170564765857,Mecânica Roda Livre LTDA ME,Autopeças independente,Brasília,DF,Cambuí,2022-08-17,S
2087,47.910.999/9378-48,Centro Automotivo Popular LTDA,Funilaria e pintura,Manaus,AM,Meireles,2022-06-01,S
2088,04.982.070/0026-75,Rede Master LTDA ME,Oficina mecânica,Curitiba,PR,Moema,11/10/2022,S
2089,82.511.723/0358-21,Auto Elétrica Brasil ME,Concessionária,Curitiba,PR,Higienópolis,2022-01-03,S
2090,48088611258044,Auto Center Max LTDA,Auto center,São Paulo,SP,Aldeota,2025-07-24,S
2091,81098176635215,Loja Roda Livre LTDA ME,Auto center,Recife,PE,Centro,2023-10-26,S
2092,68686464147359,Auto Peças Pista LTDA ME,Oficina mecânica,São Paulo,SP,Boa Viagem,2022-12-05,S
2093,77689977395166,Mecânica Rota LTDA,Funilaria e pintura,Salvador,BA,Centro,2025-02-12,S
2094,07151996323047,Casa das Peças Fênix EIRELI,Rede de autopeças,Salvador,BA,Ipanema,2026-04-29,S
2095,33841629062881,Peças e Serviços Speed ME,Rede de autopeças,Campinas,SP,Higienópolis,2022-11-14,N
2096,83434936356808,Rede Potência ME,Funilaria e pintura,Rio de Janeiro,RJ,Asa Sul,2021-11-15,S
2097,76218743096474,MECÂNICA PAULISTA S/A,Funilaria e pintura,Recife,PE,Setor Bueno,2023-12-09,S
2098,92.951.628/9084-54,Rede Bosch Car LTDA ME,Rede de autopeças,São Paulo,SP,Barra,2021-09-20,S
2099,58.128.766/3404-19,Casa das Peças Motor LTDA ME,E-commerce de peças,Belo Horizonte,MG,Boa Viagem,2022-03-11,S
2100,46.968.516/9217-51,Comercial Veloz EIRELI,Concessionária,Belo Horizonte,MG,Aldeota,2025-09-16,N
2101,50057458076648,Centro Automotivo Nacional ME,Retífica de motores,Campinas,SP,Aldeota,2022-02-03,S
2102,83359482245248,Comercial Speed EIRELI,Funilaria e pintura,Fortaleza,CE,Vila Madalena,2024-09-16,S
2103,46.141.191/0147-39,Comércio de Peças Garra EIRELI,Funilaria e pintura,Salvador,BA,Centro,2024-03-23,S
2104,77127715685390,Centro Automotivo Estrada S/A,E-commerce de peças,Belo Horizonte,MG,Asa Sul,2024-02-18,N
2105,03089229064199,Distribuidora Prime S/A,E-commerce de peças,Brasília,DF,Vila Madalena,2022-06-28,S
2106,65872802386562,Centro Automotivo Vitória S/A,Autopeças independente,Belo Horizonte,MG,Savassi,2024-09-14,S
2107,80030053782868,Casa das Peças Nobre LTDA,Concessionária,Brasília,DF,Jardins,2021-12-25,S
2108,16.922.397/6621-54,Distribuidora Ouro LTDA,Retífica de motores,Brasília,DF,Batel,13/04/2024,S
2109,92.942.863/5834-92,Importadora Aurora EIRELI,Auto center,Belo Horizonte,MG,Ipanema,2026-04-20,S
2110,92335588572834,LOJA MASTER S/A,Retífica de motores,São Paulo,SP,Cambuí,2022-06-05,S
2111,75.302.961/4990-94,Importadora Roda Livre LTDA,Oficina mecânica,Brasília,DF,Bela Vista,2024-04-22,S
2112,14548118917284,Auto Parts Nacional EIRELI,E-commerce de peças,Manaus,AM,Jardins,12/10/2022,S
2113, 26288658072008 ,Loja Nacional LTDA ME,Autopeças independente,Goiânia,GO,Meireles,2024-07-17,S
2114,57529255568084,Comercial Roda Livre EIRELI,Autopeças independente,Campinas,SP,Higienópolis,2022-04-16,S
2115,62.424.947/0025-19,Loja Potência EIRELI,Auto center,Curitiba,PR,Jardins,2024-06-12,S
2116,77248774763083,Auto Elétrica Garra LTDA,Autopeças independente,Salvador,BA,Vila Madalena,2022-10-20,S
2117,74180420223059,Retífica Diamante LTDA ME,Auto center,Campinas,SP,Boa Viagem,2021-12-30,S
2118,65755525868568,Importadora Veloz LTDA ME,Rede de autopeças,Fortaleza,CE,Pinheiros,2025-11-11,S
2119,71.300.025/5464-53,AUTO CENTER OURO EIRELI,Oficina mecânica,Brasília,DF,Bela Vista,2023-05-02,S
2120,04.145.056/3370-69,Comercial Líder S/A,Retífica de motores,Fortaleza,CE,Savassi,2022-10-17,S
2121,75955942298133,Auto Parts Brasil LTDA,Auto center,Campinas,SP,Savassi,2023-10-27,S
2122,77.436.048/9098-59,Auto Peças Paulista S/A,E-commerce de peças,Recife,PE,Pituba,2023-10-20,S
2123,34768893861618,Auto Peças Motor S/A,Rede de autopeças,Goiânia,GO,Higienópolis,22/12/2021,S
2124,96.521.790/0531-26,Distribuidora Bosch Car ME,Auto center,Rio de Janeiro,RJ,Higienópolis,2024-07-23,S
2125,59587695591268,Auto Peças Aurora LTDA,Funilaria e pintura,Porto Alegre,RS,Barra,2026-01-21,S
2126,12345923258024,Auto Center do Sul LTDA ME,Auto center,Porto Alegre,RS,Aldeota,2022-09-21,S
2127,51492863270231,Auto Elétrica Nacional LTDA,Autopeças independente,Curitiba,PR,Pinheiros,24/01/2022,N
2128,76.344.334/6026-33,Rede Bosch Car ME,Retífica de motores,Campinas,SP,Higienópolis,2022-08-13,S
2129,02521514351723,Retífica Turbo EIRELI,Oficina mecânica,Fortaleza,CE,Boa Viagem,2022-07-14,S
2130,23547224055306,Loja Ultra LTDA,Funilaria e pintura,Campinas,SP,Bela Vista,2024-03-28,S
2131,75234087056833,Peças e Serviços do Sul S/A,Oficina mecânica,Belo Horizonte,MG,Higienópolis,2022-10-18,N
2132,84399748698005,Auto Center Fênix LTDA,Funilaria e pintura,Belo Horizonte,MG,Batel,2022-08-27,S
2133,09404475017505,Auto Center Onix S/A,Rede de autopeças,Recife,PE,Jardins,2022-05-11,S
2134,86972232420430,Mecânica Marajó LTDA,Retífica de motores,Salvador,BA,Pituba,2024-04-29,S
2135,36359114202861,Casa das Peças Apex LTDA ME,Funilaria e pintura,Rio de Janeiro,RJ,Savassi,2023-12-03,S
2136,24542249224302,Importadora Popular LTDA,Autopeças independente,Manaus,AM,Aldeota,2023-05-17,S
2137,28.243.509/7913-53,Auto Center Nacional LTDA ME,Rede de autopeças,Goiânia,GO,Boa Viagem,2023-10-06,S
2138,84.676.408/9779-53,Loja Master LTDA,Autopeças independente,Manaus,AM,Jardins,2025-06-09,S
2139,33602731567261,Auto Peças Aurora S/A,Funilaria e pintura,Recife,PE,Cambuí,2021-12-03,S
2140,89.777.382/4382-14,Auto Parts Roda Livre S/A,Concessionária,Campinas,SP,Meireles,2025-02-11,S
2141,38522359062709,Mecânica Rodovia EIRELI,Autopeças independente,Rio de Janeiro,RJ,Boa Viagem,2023-01-14,S
2142,29245670893935,Loja Ouro ME,Concessionária,Belo Horizonte,MG,Aldeota,2024-06-23,S
2143,35.833.878/9591-90,Distribuidora Bandeirante LTDA ME,E-commerce de peças,Salvador,BA,Ipanema,2024-10-04,N
2144,25.723.230/0708-61,Auto Peças Bosch Car LTDA ME,E-commerce de peças,Manaus,AM,Setor Bueno,2021-07-18,S
2145,52914835650869,Auto Peças Fortaleza ME,Concessionária,Campinas,SP,Batel,2023-11-27,S
2146,41105562412667,Casa das Peças Fênix EIRELI,Autopeças independente,Salvador,BA,Cambuí,2022-04-24,S
2147,70336424532065,AUTO CENTER ONIX LTDA,Funilaria e pintura,Porto Alegre,RS,Barra,2023-02-25,S
2148,37.152.431/0915-68,Auto Center Brasil ME,Autopeças independente,São Paulo,SP,Moema,2023-04-14,S
2149,25.264.974/7870-67,Casa das Peças Fortaleza ME,Concessionária,Belo Horizonte,MG,Centro,2022-07-14,S
2150, 01012448056942 ,Comércio de Peças Aurora LTDA,Auto center,Rio de Janeiro,RJ,Asa Sul,2026-02-04,S
2151,07.231.492/0499-30,Auto Parts Brasil LTDA,E-commerce de peças,São Paulo,SP,Jardins,2022-05-07,S
2152,31055031588785,Rede Bandeirante EIRELI,Autopeças independente,Porto Alegre,RS,Asa Sul,2024-06-14,S
2153,35156095142770,Rede Real EIRELI,Rede de autopeças,Brasília,DF,Moema,2025-04-24,S
2154, 27143593410616 ,Auto Parts Estrada EIRELI,Auto center,Recife,PE,Jardins,2025-05-19,S
2155, 12207250845240 ,Loja Central LTDA ME,Autopeças independente,Fortaleza,CE,Batel,2021-08-05,S
2156,36010999319140,Comercial Marajó LTDA ME,Retífica de motores,Curitiba,PR,Savassi,2024-07-11,S
2157,22.887.415/9492-54,Auto Elétrica Bandeirante LTDA ME,Oficina mecânica,Goiânia,GO,Boa Viagem,2023-08-06,S
2158,69664811051292,Casa das Peças Central LTDA ME,Funilaria e pintura,Brasília,DF,Bela Vista,2025-06-05,S
2159,77.810.708/2408-93,Peças e Serviços Pista EIRELI,Funilaria e pintura,Recife,PE,Boa Viagem,2025-04-13,N
2160,36.616.201/7295-12,Retífica Nova Era LTDA ME,Rede de autopeças,Belo Horizonte,MG,Vila Madalena,13/07/2022,S
2161,08.403.909/2767-36,Auto Parts Ipê ME,Rede de autopeças,Rio de Janeiro,RJ,Ipanema,2024-07-21,N
2162,67605508005090,Retífica Popular S/A,Concessionária,Recife,PE,Jardins,2025-11-01,S
2163,64.419.941/2436-16,Loja Fortaleza S/A,Concessionária,Salvador,BA,Jardins,2024-05-26,S
2164,91814983678490,Auto Parts Prime S/A,Auto center,Rio de Janeiro,RJ,Moema,2024-12-05,S
2165,67550043753157,Rede Motor EIRELI,Concessionária,Fortaleza,CE,Higienópolis,2022-09-07,S
2166,60390367486756,Comércio de Peças Nova Era EIRELI,Funilaria e pintura,Brasília,DF,Pituba,2022-01-09,S
2167,27081207800378,Mecânica Ultra ME,Retífica de motores,Goiânia,GO,Centro,2024-03-03,S
2168,41609909757885,Casa das Peças Fortaleza LTDA,Rede de autopeças,Curitiba,PR,Pinheiros,2024-01-12,S
2169,90.439.461/6222-77,Centro Automotivo Rodovia LTDA,Autopeças independente,Porto Alegre,RS,Pinheiros,06/12/2023,N
2170,84.655.921/8956-88,Retífica Bandeirante LTDA ME,Funilaria e pintura,Belo Horizonte,MG,Ipanema,2022-06-04,S
2171,18023848761444,Importadora Veloz ME,Funilaria e pintura,Goiânia,GO,Jardins,2023-06-01,S
2172,85.753.794/7631-83,Rede Roda Livre EIRELI,Autopeças independente,São Paulo,SP,Boa Viagem,2026-04-10,S
2173, 52346151216760 ,Centro Automotivo Popular LTDA,Rede de autopeças,Brasília,DF,Vila Madalena,26/09/2021,S
2174,97824256582938,Importadora Aurora EIRELI,Autopeças independente,Brasília,DF,Centro,2022-10-27,S
2175, 86383466908144 ,Comercial Central LTDA ME,Autopeças independente,Goiânia,GO,Barra,10/09/2021,S
2176,31530707919048,Comercial Marajó LTDA,Autopeças independente,Brasília,DF,Barra,2021-11-20,S
2177,45129829454183,Comercial Estrada LTDA ME,Retífica de motores,Curitiba,PR,Setor Bueno,2023-07-21,S
2178,07438203950078,LOJA TURBO LTDA,Oficina mecânica,Salvador,BA,Meireles,2022-04-09,S
2179,76036733614247,Comercial Motor ME,Retífica de motores,Salvador,BA,Vila Madalena,31/08/2025,S
2180,48.243.648/5178-27,Rede Titan LTDA ME,Auto center,Rio de Janeiro,RJ,Pinheiros,2022-08-23,N
2181,41.964.000/9256-83,Auto Parts Rodovia S/A,Rede de autopeças,Fortaleza,CE,Higienópolis,2022-10-27,S
2182,65402347145137,Auto Elétrica Potência ME,Autopeças independente,Fortaleza,CE,Ipanema,2023-02-21,S
2183,65293675627545,Auto Elétrica Aurora EIRELI,Funilaria e pintura,Campinas,SP,Cambuí,2025-07-10,S
2184,42209470544765,Auto Center Brasil LTDA,Funilaria e pintura,Campinas,SP,Aldeota,2021-11-04,S
2185,92.704.388/5287-15,Comércio de Peças Vitória ME,E-commerce de peças,Manaus,AM,Aldeota,2026-06-30,S
2186,85.442.402/9480-46,Rede Titan LTDA ME,Autopeças independente,Curitiba,PR,Asa Sul,2021-10-12,S
2187,72477115787378,Casa das Peças Brasil ME,Rede de autopeças,Belo Horizonte,MG,Pituba,2024-03-11,S
2188, 13873140319166 ,Loja do Sul EIRELI,Retífica de motores,Fortaleza,CE,Pinheiros,2022-05-05,S
2189,89676218224792,Distribuidora Speed LTDA ME,Rede de autopeças,Brasília,DF,Aldeota,2023-12-19,S
2190,14895792578523,Auto Center Prime ME,Autopeças independente,Fortaleza,CE,Moema,2022-11-25,S
2191,34.542.471/1558-22,Loja Ipê LTDA,Oficina mecânica,Fortaleza,CE,Centro,2024-04-19,S
2192,67769313164538,Comercial Fortaleza LTDA,Concessionária,São Paulo,SP,Ipanema,01/07/2025,S
2193,21.012.546/7591-49,Importadora Motor ME,Auto center,Manaus,AM,Pituba,2022-08-30,N
2194,82583201435456,Importadora Paulista S/A,Auto center,Recife,PE,Barra,2023-08-03,S
2195,36444981063267,Auto Peças Diamante EIRELI,Autopeças independente,Recife,PE,Setor Bueno,03/08/2023,S
2196,21192474350697,Comercial Rodovia ME,Autopeças independente,Goiânia,GO,Batel,20/08/2021,S
2197,20.382.998/3990-15,Comércio de Peças Central EIRELI,Oficina mecânica,Rio de Janeiro,RJ,Vila Madalena,2024-08-27,N
2198,06.803.040/0546-80,Centro Automotivo Rodovia ME,Funilaria e pintura,Brasília,DF,Vila Madalena,2024-03-23,N
2199,74.321.115/4959-92,Auto Parts Vitória S/A,Retífica de motores,Salvador,BA,Jardins,2025-12-30,S
2200, 36417659205948 ,Mecânica Brasil LTDA,Autopeças independente,Rio de Janeiro,RJ,Bela Vista,2023-07-12,N
2201,53609643945349,Rede Rodovia LTDA,Autopeças independente,Rio de Janeiro,RJ,Ipanema,2024-10-31,S
2202,05325624888804,Distribuidora Diamante EIRELI,E-commerce de peças,Curitiba,PR,Savassi,2025-10-27,S
2203,32.405.741/1935-39,Auto Parts Ouro S/A,Funilaria e pintura,Goiânia,GO,Pinheiros,13/02/2024,S
2204,77095218586804,Mecânica Turbo LTDA,Concessionária,Recife,PE,Bela Vista,2023-08-11,S
2205,92.585.783/9803-70,Auto Center Motor LTDA,Funilaria e pintura,Brasília,DF,Higienópolis,2023-06-21,S
2206,94853074878134,Peças e Serviços Max LTDA,Oficina mecânica,Recife,PE,Centro,2024-07-18,S
2207,18136170004854,Auto Center Nova Era EIRELI,Concessionária,Manaus,AM,Savassi,22/01/2024,N
2208,94.525.539/6255-61,Casa das Peças Turbo S/A,Concessionária,Manaus,AM,Moema,2023-02-23,S
2209,93.215.294/1761-11,Rede Central LTDA,Funilaria e pintura,São Paulo,SP,Cambuí,2022-12-11,S
2210,61216694810011,Auto Center Bandeirante LTDA,Funilaria e pintura,Belo Horizonte,MG,Pinheiros,2023-09-30,S
2211,67.323.836/8414-34,Peças e Serviços Speed LTDA,Concessionária,Salvador,BA,Asa Sul,2023-02-03,S
2212,05.389.059/5094-28,Distribuidora Titan EIRELI,Funilaria e pintura,Campinas,SP,Pituba,14/04/2024,S
2213,87274105915798,CASA DAS PEÇAS UNIÃO EIRELI,Oficina mecânica,São Paulo,SP,Ipanema,2024-03-13,S
2214,43522173284248,Casa das Peças Vitória LTDA,Concessionária,Recife,PE,Centro,2021-12-24,S
2215,17.265.134/2045-78,COMÉRCIO DE PEÇAS DIAMANTE EIRELI,Funilaria e pintura,Goiânia,GO,Pinheiros,2024-01-18,S
2216,30302413001131,Peças e Serviços Aurora EIRELI,E-commerce de peças,Salvador,BA,Pituba,03/02/2023,S
2217,05.592.277/0260-49,Mecânica Veloz S/A,Auto center,Campinas,SP,Boa Viagem,20/01/2022,S
2218,96.411.350/7649-96,Centro Automotivo Diamante S/A,Rede de autopeças,Campinas,SP,Centro,2025-12-02,S
2219,11.947.505/2201-12,COMÉRCIO DE PEÇAS NOBRE ME,Autopeças independente,Fortaleza,CE,Ipanema,2021-12-16,S
2220,33.238.143/3161-66,Centro Automotivo Titan LTDA ME,E-commerce de peças,Manaus,AM,Savassi,2022-01-10,S
2221,95111578723903,Loja Speed LTDA,Oficina mecânica,Brasília,DF,Setor Bueno,2026-06-25,S
2222, 24588469371478 ,Auto Elétrica Speed EIRELI,Autopeças independente,Recife,PE,Aldeota,2021-11-19,S
2223,78444002748942,Comercial Ouro ME,Funilaria e pintura,Rio de Janeiro,RJ,Vila Madalena,2023-02-14,S
2224,48671188161827,Peças e Serviços Roda Livre EIRELI,E-commerce de peças,Porto Alegre,RS,Aldeota,2022-03-14,S
2225,45273318815675,Comércio de Peças Veloz EIRELI,Oficina mecânica,Manaus,AM,Aldeota,2025-04-07,S
2226,07907704553001,Casa das Peças União ME,Retífica de motores,Campinas,SP,Boa Viagem,2025-05-27,S
2227,98.567.240/5552-51,Comércio de Peças Bosch Car ME,Oficina mecânica,Belo Horizonte,MG,Pinheiros,16/11/2021,S
2228,43742822022041,Loja Rodovia ME,Rede de autopeças,Belo Horizonte,MG,Boa Viagem,2024-08-25,S
2229,14876096737250,RETÍFICA POPULAR EIRELI,Concessionária,Campinas,SP,Meireles,2024-05-12,S
2230,50650696158844,Importadora Real LTDA,E-commerce de peças,São Paulo,SP,Centro,2025-10-12,S
2231,20.896.760/4062-32,Mecânica Ouro EIRELI,Retífica de motores,Campinas,SP,Pinheiros,17/02/2024,S
2232,96058653143422,Auto Parts Nacional LTDA,Autopeças independente,Belo Horizonte,MG,Jardins,2024-06-26,S
2233, 22287499589367 ,Distribuidora Potência LTDA ME,Autopeças independente,Fortaleza,CE,Pituba,2025-10-13,S
2234,73.880.111/3052-92,Casa das Peças Apex ME,Oficina mecânica,Brasília,DF,Cambuí,2023-07-04,N
2235,80.632.448/9684-60,Rede Paulista LTDA ME,Concessionária,Porto Alegre,RS,Ipanema,2023-02-09,S
2236,27.933.997/0214-61,Peças e Serviços Nova Era LTDA ME,Autopeças independente,Porto Alegre,RS,Batel,2022-07-05,S
2237,54.419.043/7702-96,Casa das Peças Nacional ME,Autopeças independente,Recife,PE,Boa Viagem,2022-02-06,S
2238,24645604851199,Distribuidora Garra ME,Oficina mecânica,Fortaleza,CE,Pinheiros,2024-06-29,S
2239,11785125927291,Rede Roda Livre S/A,Concessionária,Rio de Janeiro,RJ,Ipanema,2022-05-25,S
2240,18757617657224,Retífica Marajó LTDA,Funilaria e pintura,Porto Alegre,RS,Higienópolis,2022-08-18,S
2241,40833783615926,Centro Automotivo Vitória LTDA,Rede de autopeças,Campinas,SP,Centro,2022-05-06,S
2242,65300022750936,AUTO ELÉTRICA REAL S/A,Autopeças independente,Salvador,BA,Barra,31/07/2024,S
2243,42137472793922,Importadora Econômica EIRELI,E-commerce de peças,Rio de Janeiro,RJ,Vila Madalena,2022-05-21,S
2244,93369832407281,Auto Parts Motor LTDA,Retífica de motores,Belo Horizonte,MG,Centro,2022-09-25,S
2245,09880409336272,Centro Automotivo Speed LTDA ME,Oficina mecânica,Brasília,DF,Asa Sul,2023-03-01,S
2246, 32722215532501 ,AUTO PEÇAS NACIONAL LTDA ME,Funilaria e pintura,Fortaleza,CE,Savassi,21/06/2022,S
2247,65160862495133,Comercial Speed LTDA ME,Autopeças independente,Campinas,SP,Batel,2021-05-30,S
2248,64711813207239,Auto Peças Bosch Car LTDA ME,Retífica de motores,Recife,PE,Ipanema,2024-01-02,S
2249,36985167655999,Auto Parts Nacional LTDA ME,Rede de autopeças,Recife,PE,Boa Viagem,2024-03-31,S
2250,44.995.143/7043-42,Rede Ouro ME,Rede de autopeças,Recife,PE,Aldeota,2023-01-03,S
2251,42.221.242/1973-81,Casa das Peças Garra LTDA,E-commerce de peças,Porto Alegre,RS,Savassi,2025-04-27,N
2252,95.838.508/3327-10,Auto Elétrica Veloz EIRELI,Oficina mecânica,Belo Horizonte,MG,Meireles,2022-12-30,S
2253,43.171.916/3354-71,Importadora Nobre S/A,Funilaria e pintura,Manaus,AM,Boa Viagem,2022-08-29,S
2254,76892206829945,Mecânica União EIRELI,Concessionária,Rio de Janeiro,RJ,Higienópolis,2021-07-31,S
2255,19816254993145,Auto Peças Apex ME,Oficina mecânica,Campinas,SP,Vila Madalena,2023-04-11,S
2256,67461616054337,Loja Apex LTDA,Funilaria e pintura,Curitiba,PR,Asa Sul,2024-07-23,S
2257,95312178940697,Loja Ouro LTDA,Rede de autopeças,Recife,PE,Higienópolis,2023-11-19,S
2258, 31916787586474 ,Comércio de Peças Nacional EIRELI,Retífica de motores,Goiânia,GO,Savassi,2024-08-03,S
2259,50461614384039,Distribuidora Ultra EIRELI,Auto center,Salvador,BA,Jardins,2025-09-23,S
2260,42.509.563/6038-55,CENTRO AUTOMOTIVO ECONÔMICA ME,Concessionária,Rio de Janeiro,RJ,Vila Madalena,2023-10-09,S
2261,43585991977638,Centro Automotivo Apex ME,Rede de autopeças,Curitiba,PR,Asa Sul,22/08/2022,S
2262,63.662.871/1716-53,Centro Automotivo Nobre S/A,Oficina mecânica,Manaus,AM,Ipanema,2022-10-01,S
2263,98.958.294/8630-99,Auto Peças Apex EIRELI,Oficina mecânica,Recife,PE,Meireles,30/01/2022,S
2264,43.149.142/1544-09,Auto Elétrica Garra ME,Rede de autopeças,Goiânia,GO,Ipanema,2022-06-02,S
2265,40527703547663,Centro Automotivo Motor LTDA ME,Auto center,São Paulo,SP,Centro,2024-05-22,S
2266,51940723461504,Loja Marajó S/A,Retífica de motores,Recife,PE,Batel,2024-01-03,S
2267,25139002950114,Casa das Peças Rota S/A,Auto center,Goiânia,GO,Ipanema,2022-03-13,S
2268,23.783.904/9757-45,Importadora Potência LTDA ME,E-commerce de peças,Salvador,BA,Meireles,2022-07-23,S
2269,88465190348308,Comercial Líder LTDA ME,Funilaria e pintura,Curitiba,PR,Pinheiros,2023-11-24,S
2270,49.035.934/1773-34,Casa das Peças Fênix LTDA,Autopeças independente,Porto Alegre,RS,Batel,2023-05-12,S
2271,82160639231867,Peças e Serviços Popular ME,Autopeças independente,Rio de Janeiro,RJ,Barra,26/11/2024,S
2272,36970257953564,Auto Parts Nova Era ME,Retífica de motores,Brasília,DF,Aldeota,2023-02-26,S
2273,63996240238492,Auto Center Popular EIRELI,Oficina mecânica,Brasília,DF,Jardins,2025-12-31,S
2274,39.572.869/3953-91,Importadora Guará ME,Auto center,São Paulo,SP,Boa Viagem,2024-07-13,S
2275,34802496689923,Comércio de Peças Diamante ME,Oficina mecânica,Salvador,BA,Centro,2021-07-18,S
2276,54448479207405,Importadora Nobre ME,Auto center,Rio de Janeiro,RJ,Aldeota,2024-01-31,S
2277,90.254.983/9103-20,Rede Guará ME,Funilaria e pintura,Goiânia,GO,Moema,2024-10-24,N
2278,97.295.755/1263-70,Comércio de Peças Garra ME,Rede de autopeças,Belo Horizonte,MG,Boa Viagem,2024-05-10,S
2279,76668992127462,Rede Master S/A,Funilaria e pintura,Rio de Janeiro,RJ,Ipanema,2024-02-12,S
2280,95656219295909,Comércio de Peças Bandeirante LTDA ME,E-commerce de peças,Campinas,SP,Meireles,2021-06-29,S
2281,37825648586476,Comercial Max LTDA ME,Oficina mecânica,Recife,PE,Cambuí,30/04/2022,S
2282, 50679964511590 ,AUTO PARTS CENTRAL LTDA ME,Oficina mecânica,Recife,PE,Boa Viagem,2022-11-30,S
2283,97950804660638,Auto Peças Titan LTDA,Autopeças independente,Recife,PE,Aldeota,23/08/2023,S
2284,20922521238029,Loja Titan LTDA ME,Rede de autopeças,Campinas,SP,Savassi,2023-02-03,S
2285,87497151295458,Mecânica Diamante ME,Oficina mecânica,Porto Alegre,RS,Setor Bueno,2023-04-28,S
2286, 99169535952287 ,Comercial Ouro LTDA,Autopeças independente,Campinas,SP,Setor Bueno,2024-09-08,S
2287,31114963360989,Retífica Popular EIRELI,Autopeças independente,Fortaleza,CE,Cambuí,17/02/2024,S
2288,19.740.059/7583-44,Distribuidora Roda Livre LTDA,E-commerce de peças,Recife,PE,Boa Viagem,2022-08-31,N
2289,41828654907872,Casa das Peças Econômica EIRELI,Oficina mecânica,Brasília,DF,Savassi,2022-11-07,S
2290,37577079606169,Importadora Anhanguera EIRELI,Retífica de motores,Goiânia,GO,Higienópolis,2025-09-09,S
2291,55.958.277/0699-22,Loja Roda Livre S/A,Retífica de motores,Goiânia,GO,Asa Sul,2022-05-04,S
2292,08276100235120,Peças e Serviços Diamante EIRELI,Rede de autopeças,Recife,PE,Pituba,2023-03-21,S
2293,94385633759849,Rede Brasil LTDA ME,Auto center,Porto Alegre,RS,Savassi,08/03/2026,S
2294, 11337952331432 ,Mecânica Bandeirante LTDA,Autopeças independente,Rio de Janeiro,RJ,Bela Vista,2025-11-27,S
2295, 63387908132208 ,AUTO ELÉTRICA ESTRADA EIRELI,E-commerce de peças,Goiânia,GO,Barra,2024-10-26,S
2296,97881649571042,Distribuidora Roda Livre ME,Autopeças independente,Rio de Janeiro,RJ,Boa Viagem,05/10/2022,S
2297,70.183.137/7434-03,Peças e Serviços Speed EIRELI,Auto center,Rio de Janeiro,RJ,Moema,2024-05-03,S
2298,35813682201529,Peças e Serviços Nova Era ME,Oficina mecânica,Curitiba,PR,Pinheiros,2021-12-10,S
2299,06.208.212/4076-64,Auto Parts Marajó S/A,Funilaria e pintura,São Paulo,SP,Barra,2022-10-11,S
2300,01134496895092,Loja Diamante S/A,E-commerce de peças,Salvador,BA,Asa Sul,2026-02-22,S
2301, 94972547204744 ,Peças e Serviços Titan ME,Auto center,Manaus,AM,Centro,2023-12-19,S
2302,51444465748145,Distribuidora Speed EIRELI,Rede de autopeças,Recife,PE,Higienópolis,2023-10-10,S
2303,43.178.421/3913-69,Importadora Motor LTDA ME,Funilaria e pintura,São Paulo,SP,Batel,2021-11-14,S
2304,15422412503834,Comércio de Peças Diamante LTDA ME,Concessionária,Fortaleza,CE,Jardins,31/12/2025,S
2305,97.537.006/3239-98,Auto Elétrica Estrada EIRELI,Auto center,Rio de Janeiro,RJ,Centro,2021-07-22,S
2306,37558263218945,COMERCIAL RODA LIVRE S/A,Oficina mecânica,Brasília,DF,Moema,2024-02-10,S
2307,99.428.178/3420-64,Auto Peças Fênix EIRELI,Oficina mecânica,Rio de Janeiro,RJ,Setor Bueno,2026-04-26,S
2308,19.720.409/3242-43,Centro Automotivo Garra ME,Retífica de motores,Fortaleza,CE,Meireles,2024-06-28,S
2309,30.872.447/8390-71,Peças e Serviços União S/A,Oficina mecânica,Porto Alegre,RS,Vila Madalena,2025-02-19,S
2310,02419827244952,Auto Elétrica Ouro S/A,Retífica de motores,Rio de Janeiro,RJ,Moema,2024-06-17,S
2311,77895166501800,Auto Elétrica Titan LTDA ME,Autopeças independente,Goiânia,GO,Savassi,2022-08-01,S
2312,31625751000366,Auto Elétrica Rota LTDA ME,E-commerce de peças,Belo Horizonte,MG,Barra,2021-08-28,S
2313,18458163021291,COMERCIAL RODOVIA EIRELI,Funilaria e pintura,Fortaleza,CE,Moema,2025-10-22,S
2314,80.310.262/3705-06,Auto Elétrica Anhanguera ME,Concessionária,Campinas,SP,Batel,2022-02-14,S
2315,46547631691455,Distribuidora Líder ME,Funilaria e pintura,Salvador,BA,Meireles,2025-08-13,S
2316,66.762.267/6174-79,MECÂNICA OURO ME,Oficina mecânica,Porto Alegre,RS,Boa Viagem,2024-08-08,S
2317,96425497806437,Comércio de Peças Rodovia ME,Rede de autopeças,Salvador,BA,Bela Vista,2024-03-15,S
2318,11.601.565/3995-21,Importadora Bosch Car EIRELI,Oficina mecânica,Curitiba,PR,Ipanema,2024-02-18,N
2319,43.790.868/0883-58,Distribuidora Veloz EIRELI,Funilaria e pintura,Manaus,AM,Higienópolis,2022-08-07,S
2320,79974254290436,Casa das Peças Potência EIRELI,Oficina mecânica,Goiânia,GO,Pituba,2026-01-02,S
2321,50786725308158,Comércio de Peças Popular S/A,Rede de autopeças,Brasília,DF,Savassi,2024-08-21,S
2322,32467199927523,Importadora União S/A,Autopeças independente,Goiânia,GO,Ipanema,2022-03-17,S
2323,63518757053209,Auto Peças Potência LTDA,Funilaria e pintura,Campinas,SP,Setor Bueno,2023-04-17,S
2324,19.729.410/3675-80,Loja Nacional S/A,Funilaria e pintura,Porto Alegre,RS,Moema,2022-07-01,S
2325,13037097184679,Auto Center Rodovia LTDA ME,Auto center,Fortaleza,CE,Savassi,2024-05-08,S
2326, 27592746010069 ,Distribuidora Central LTDA ME,Autopeças independente,Goiânia,GO,Bela Vista,2022-03-10,S
2327,66.180.610/8537-00,Rede Nacional ME,Retífica de motores,Salvador,BA,Savassi,22/09/2024,S
2328,83905101181693,Casa das Peças Max LTDA ME,Retífica de motores,Recife,PE,Bela Vista,2023-03-01,S
2329,01.494.116/3282-25,Loja União EIRELI,E-commerce de peças,Rio de Janeiro,RJ,Pinheiros,2024-01-16,S
2330,21170254496550,Auto Peças Nacional S/A,Concessionária,Fortaleza,CE,Batel,2023-10-16,S
2331,80575950242426,Auto Parts Potência LTDA ME,Concessionária,Porto Alegre,RS,Setor Bueno,2025-09-19,S
2332,13.202.061/3920-31,Auto Elétrica Diamante EIRELI,Rede de autopeças,Fortaleza,CE,Boa Viagem,2021-09-24,S
2333,78073900496309,Comércio de Peças Guará S/A,Auto center,Manaus,AM,Boa Viagem,03/07/2022,S
2334,96499104716495,RETÍFICA DO SUL EIRELI,Oficina mecânica,Manaus,AM,Vila Madalena,2023-03-25,S
2335,13715342789328,Auto Elétrica União LTDA ME,Concessionária,Fortaleza,CE,Cambuí,25/01/2022,S
2336, 84274946454030 ,Importadora Central LTDA ME,E-commerce de peças,Manaus,AM,Setor Bueno,12/12/2024,S
2337,88232345335668,Auto Peças Guará EIRELI,Rede de autopeças,Curitiba,PR,Batel,2023-10-06,S
2338,98.013.376/1915-77,Comercial Ouro EIRELI,Retífica de motores,Curitiba,PR,Bela Vista,2025-07-16,S
2339, 23153942811587 ,Distribuidora Nobre S/A,Retífica de motores,Recife,PE,Ipanema,2022-05-26,N
2340,92.151.098/1009-44,Retífica Anhanguera ME,Auto center,Fortaleza,CE,Pinheiros,2025-01-21,S
2341, 42763808263267 ,AUTO CENTER RODA LIVRE ME,Retífica de motores,Goiânia,GO,Jardins,2022-05-01,S
2342, 98714142642930 ,Loja Speed LTDA,E-commerce de peças,Curitiba,PR,Meireles,2022-07-24,S
2343,81674289540584,Rede Guará ME,E-commerce de peças,Curitiba,PR,Pituba,2022-01-04,S
2344,45.979.898/2245-54,Importadora Fênix LTDA,E-commerce de peças,Belo Horizonte,MG,Setor Bueno,2024-07-09,S
2345,61.177.854/5390-57,Auto Center União S/A,Concessionária,Goiânia,GO,Meireles,2021-08-09,S
2346,30025539525637,Comercial Cruzeiro EIRELI,Funilaria e pintura,Salvador,BA,Ipanema,2021-12-08,S
2347, 01311175173358 ,Comercial Apex ME,E-commerce de peças,Fortaleza,CE,Moema,2023-07-28,S
2348,44387871713593,Mecânica Prime EIRELI,Retífica de motores,Goiânia,GO,Boa Viagem,2022-09-19,S
2349,73964331612099,Centro Automotivo Rodovia LTDA ME,Rede de autopeças,Belo Horizonte,MG,Batel,2023-11-17,S
2350,75.153.672/0975-06,Auto Elétrica Marajó ME,Retífica de motores,Fortaleza,CE,Higienópolis,2022-07-25,S
2351,68.594.416/4933-11,Auto Parts Central ME,Oficina mecânica,Manaus,AM,Batel,2024-03-07,S
2352,60363235185229,Auto Peças Central ME,Oficina mecânica,São Paulo,SP,Jardins,2024-03-03,S
2353,39871484544300,Auto Peças Apex LTDA ME,Oficina mecânica,Manaus,AM,Setor Bueno,2022-01-25,S
2354,65183163325336,Auto Parts Ultra LTDA ME,Oficina mecânica,Porto Alegre,RS,Jardins,2025-12-12,S
2355,25.076.660/6950-85,Importadora União S/A,Autopeças independente,São Paulo,SP,Ipanema,2023-11-03,S
2356,32647414124043,Importadora Bandeirante EIRELI,E-commerce de peças,Manaus,AM,Pinheiros,2021-06-25,N
2357,18208716388193,Importadora Popular S/A,Concessionária,São Paulo,SP,Barra,2021-05-29,S
2358,98.792.165/0181-75,Importadora União LTDA,Autopeças independente,Rio de Janeiro,RJ,Vila Madalena,2022-02-09,S
2359,52.262.491/5289-32,Rede Ipê LTDA ME,Rede de autopeças,Campinas,SP,Meireles,2025-10-19,N
2360,97.493.135/2762-55,Auto Elétrica do Sul LTDA,Rede de autopeças,Rio de Janeiro,RJ,Bela Vista,2023-04-15,S
2361,66516391727154,Auto Parts Prime LTDA,Rede de autopeças,Salvador,BA,Meireles,2021-09-02,S
2362,50334607496875,Peças e Serviços Popular EIRELI,E-commerce de peças,Curitiba,PR,Higienópolis,2022-03-03,S
2363, 73982125588774 ,Mecânica Fortaleza LTDA,Oficina mecânica,Brasília,DF,Meireles,2024-06-12,S
2364,65.086.569/9638-74,Auto Elétrica Cruzeiro EIRELI,Auto center,Campinas,SP,Cambuí,2023-01-10,S
2365,83410657299766,Importadora Apex LTDA ME,Concessionária,Campinas,SP,Jardins,2022-08-13,S
2366,33677744108439,Auto Peças Nova Era LTDA,Retífica de motores,Goiânia,GO,Meireles,2022-01-15,S
2367,09358271732031,Centro Automotivo Pista EIRELI,Rede de autopeças,Porto Alegre,RS,Bela Vista,2024-08-10,S
2368,88797888458795,REDE POTÊNCIA EIRELI,Auto center,Fortaleza,CE,Moema,2022-01-23,S
2369,46.190.692/3951-08,Auto Elétrica Titan LTDA ME,Auto center,Goiânia,GO,Vila Madalena,2023-07-11,S
2370, 99842003265030 ,Auto Center Anhanguera EIRELI,E-commerce de peças,Campinas,SP,Jardins,2022-11-23,S
2371,51.335.294/9576-03,Mecânica Veloz EIRELI,Retífica de motores,Recife,PE,Boa Viagem,2021-06-23,S
2372,70.453.868/7612-97,Auto Parts Guará ME,Concessionária,Goiânia,GO,Cambuí,2022-05-13,S
2373,43153834899531,Rede Anhanguera EIRELI,Autopeças independente,Rio de Janeiro,RJ,Jardins,2023-09-02,S
2374,24170364237331,Comercial Paulista EIRELI,Concessionária,São Paulo,SP,Aldeota,2023-07-11,S
2375,97621779429210,Importadora Aurora ME,Auto center,Brasília,DF,Cambuí,2024-02-02,S
2376,50796313240496,Rede Garra EIRELI,Rede de autopeças,Fortaleza,CE,Pinheiros,21/03/2024,S
2377,14570658686237,Rede Vitória LTDA ME,Auto center,Fortaleza,CE,Moema,2021-10-20,S
2378,39176707002279,Peças e Serviços Real ME,E-commerce de peças,Goiânia,GO,Setor Bueno,2022-04-17,S
2379,03987806465949,Auto Parts Aurora EIRELI,Rede de autopeças,São Paulo,SP,Bela Vista,2024-03-06,S
2380,93203922686870,Auto Elétrica Fortaleza S/A,Oficina mecânica,Porto Alegre,RS,Setor Bueno,2023-07-06,S
2381,65309246430813,AUTO CENTER NOBRE EIRELI,Auto center,Manaus,AM,Boa Viagem,2025-08-21,S
2382,35.094.557/3149-26,Loja Veloz LTDA,Auto center,Porto Alegre,RS,Higienópolis,2025-05-18,S
2383,80.710.024/5886-41,Auto Parts Econômica LTDA ME,Funilaria e pintura,Campinas,SP,Barra,03/02/2022,S
2384,39338338768838,Retífica Guará LTDA,Concessionária,Campinas,SP,Meireles,2022-06-08,S
2385,68165223507993,Auto Parts Brasil EIRELI,Auto center,Manaus,AM,Bela Vista,2021-12-24,N
2386,49.603.342/9950-86,Mecânica do Sul LTDA ME,Rede de autopeças,Brasília,DF,Moema,2025-02-05,S
2387,67.778.673/9718-19,Loja Nova Era S/A,Auto center,Fortaleza,CE,Barra,2024-06-01,S
2388,37406242610332,Rede Brasil LTDA ME,Auto center,Salvador,BA,Bela Vista,2023-02-07,S
2389,19.866.132/9406-35,Retífica Paulista S/A,Rede de autopeças,Goiânia,GO,Batel,2025-12-23,S
2390,85007284385800,PEÇAS E SERVIÇOS DO SUL ME,Rede de autopeças,Campinas,SP,Asa Sul,2021-06-04,S
2391,05.149.048/7359-75,DISTRIBUIDORA TITAN EIRELI,Oficina mecânica,Salvador,BA,Pinheiros,2025-06-21,S
2392,77997722226461,Retífica Popular ME,Funilaria e pintura,São Paulo,SP,Batel,2022-11-08,S
2393, 07697693805145 ,Importadora Diamante LTDA,Rede de autopeças,Salvador,BA,Vila Madalena,2023-04-28,S
2394,20.750.006/9915-58,Centro Automotivo Roda Livre ME,Funilaria e pintura,Rio de Janeiro,RJ,Asa Sul,2022-09-23,S
2395,52322148944139,Rede Turbo S/A,Retífica de motores,Recife,PE,Meireles,2021-06-18,S
2396, 81569590705695 ,Auto Parts Líder LTDA,Funilaria e pintura,Curitiba,PR,Bela Vista,2025-11-16,S
2397, 08117306993821 ,Comercial Ultra S/A,Auto center,Porto Alegre,RS,Pinheiros,2023-02-15,S
2398,30.284.052/1850-56,MECÂNICA RODOVIA S/A,Funilaria e pintura,Goiânia,GO,Vila Madalena,2024-05-18,N
2399,85896549818440,MECÂNICA ANHANGUERA LTDA ME,Rede de autopeças,Manaus,AM,Boa Viagem,2023-04-25,S
2400,05487487056623,Retífica Diamante LTDA,Autopeças independente,Campinas,SP,Setor Bueno,07/07/2024,S
2401,15012350665660,Loja Nobre EIRELI,Autopeças independente,Recife,PE,Vila Madalena,2025-08-24,S
2402,93793919474372,Comercial Onix EIRELI,Autopeças independente,Brasília,DF,Moema,28/06/2021,S
2403,60.910.276/4714-24,Rede Popular LTDA,Retífica de motores,Goiânia,GO,Vila Madalena,13/12/2024,S
2404,37738133098314,MECÂNICA PRIME LTDA,Funilaria e pintura,Belo Horizonte,MG,Pinheiros,2022-08-06,S
2405,28742565686680,Peças e Serviços Ultra EIRELI,Autopeças independente,Curitiba,PR,Ipanema,2022-10-19,S
2406,38157501543857,Auto Peças Marajó S/A,Autopeças independente,Manaus,AM,Asa Sul,2026-06-13,S
2407,14.881.514/4661-99,Retífica Master LTDA,Auto center,Manaus,AM,Vila Madalena,2022-10-04,S
2408, 26668854553637 ,Loja Econômica EIRELI,Oficina mecânica,Recife,PE,Jardins,2021-11-20,S
2409,44238162266484,Comércio de Peças Guará LTDA ME,Rede de autopeças,Curitiba,PR,Higienópolis,2024-01-25,S
2410,35.805.331/5131-35,Comércio de Peças Brasil LTDA ME,Auto center,Recife,PE,Pituba,2024-12-21,S
2411,79.372.239/1761-96,Distribuidora Prime EIRELI,Oficina mecânica,Porto Alegre,RS,Bela Vista,2025-02-22,S
2412,31.357.408/7474-07,Auto Peças Motor LTDA ME,Concessionária,Porto Alegre,RS,Pituba,2023-07-30,S
2413,77990618344251,Auto Elétrica Rota EIRELI,Oficina mecânica,Salvador,BA,Batel,2024-03-09,S
2414,28634840161706,Casa das Peças Turbo EIRELI,Retífica de motores,Salvador,BA,Barra,2023-04-05,S
2415, 20156914616415 ,Distribuidora Rota LTDA,Rede de autopeças,Salvador,BA,Moema,2025-12-31,S
2416, 78109071957145 ,Peças e Serviços Vitória S/A,Oficina mecânica,Rio de Janeiro,RJ,Ipanema,2024-02-06,S
2417,87368072966180,Importadora Potência EIRELI,Retífica de motores,Curitiba,PR,Aldeota,2021-09-02,S
2418,09.907.046/4450-30,LOJA ULTRA LTDA,Autopeças independente,Curitiba,PR,Jardins,2024-08-18,S
2419, 73300276327223 ,Loja Rodovia ME,Oficina mecânica,Brasília,DF,Pinheiros,2025-11-11,S
2420,90473535226549,Mecânica Speed ME,Funilaria e pintura,Salvador,BA,Ipanema,2025-08-19,S
2421,59964260600989,Centro Automotivo Motor LTDA,Autopeças independente,Campinas,SP,Barra,2025-05-20,S
2422, 41199136564025 ,Distribuidora do Sul LTDA,Concessionária,Recife,PE,Higienópolis,2023-01-20,S
2423,22384357993895,Auto Elétrica Rodovia LTDA,Concessionária,Goiânia,GO,Asa Sul,2021-06-16,S
2424,29.497.756/5512-88,Distribuidora Ipê LTDA ME,Funilaria e pintura,Salvador,BA,Vila Madalena,2022-10-20,S
2425,03101221338753,Auto Peças Guará ME,E-commerce de peças,Fortaleza,CE,Cambuí,2025-07-06,S
2426,74.988.396/8382-52,Loja Brasil ME,Funilaria e pintura,Salvador,BA,Barra,2022-08-02,S
2427,21.517.346/6068-99,Auto Center Veloz EIRELI,E-commerce de peças,Salvador,BA,Cambuí,27/10/2023,S
2428,08.010.302/2123-95,Rede Max ME,Rede de autopeças,Rio de Janeiro,RJ,Batel,2024-12-08,S
2429,14226326214453,AUTO PARTS MOTOR LTDA,Autopeças independente,Porto Alegre,RS,Pinheiros,2026-06-24,S
2430,78.801.159/1326-84,Casa das Peças Paulista EIRELI,Rede de autopeças,Fortaleza,CE,Vila Madalena,27/02/2025,S
2431,33693105719732,Rede Marajó EIRELI,Retífica de motores,São Paulo,SP,Aldeota,2023-07-19,S
2432,76260235640930,Mecânica Paulista LTDA,Retífica de motores,Brasília,DF,Higienópolis,2021-09-04,S
2433,69.999.381/9194-87,Casa das Peças Speed S/A,Concessionária,Goiânia,GO,Centro,2023-02-21,N
2434,15.517.586/3735-33,Auto Elétrica Paulista S/A,Autopeças independente,Porto Alegre,RS,Vila Madalena,2023-09-28,S
2435,68584311621065,Retífica Master S/A,E-commerce de peças,Brasília,DF,Ipanema,2024-03-13,S
2436,31.055.771/0302-75,Distribuidora Nacional S/A,Oficina mecânica,Porto Alegre,RS,Meireles,15/06/2021,S
2437,43.423.149/4521-25,Comercial Turbo LTDA,Rede de autopeças,Brasília,DF,Bela Vista,06/08/2021,S
2438,40999151414050,Importadora Speed EIRELI,Retífica de motores,São Paulo,SP,Asa Sul,2021-07-16,S
2439,63641226472543,Importadora Líder ME,Concessionária,Goiânia,GO,Pinheiros,12/06/2021,N
2440,24.081.744/2539-68,Comercial Nova Era S/A,Concessionária,Porto Alegre,RS,Centro,2022-10-11,S
2441,81224661428097,Centro Automotivo Brasil S/A,Auto center,Brasília,DF,Barra,2026-05-16,S
2442,59117533170253,Distribuidora Marajó LTDA ME,Auto center,Rio de Janeiro,RJ,Barra,2023-05-01,S
2443,58725371720153,Casa das Peças Max LTDA ME,Funilaria e pintura,Fortaleza,CE,Vila Madalena,2024-09-08,S
2444,13311519683948,Retífica Nacional EIRELI,Rede de autopeças,Porto Alegre,RS,Meireles,2025-10-28,N
2445,03491315653667,Auto Center do Sul EIRELI,Rede de autopeças,Goiânia,GO,Setor Bueno,2025-07-11,S
2446,82325348529799,Mecânica Ultra LTDA ME,Rede de autopeças,Belo Horizonte,MG,Barra,2023-06-26,S
2447,52197064064123,Casa das Peças União EIRELI,Autopeças independente,Curitiba,PR,Bela Vista,2024-03-29,S
2448,50.163.270/3491-41,Peças e Serviços Garra LTDA ME,Concessionária,Fortaleza,CE,Vila Madalena,2024-07-30,S
2449,72.126.454/3676-87,Comercial Bandeirante ME,E-commerce de peças,Belo Horizonte,MG,Bela Vista,29/03/2022,S
2450,01333279882170,Rede Onix LTDA,Rede de autopeças,Curitiba,PR,Pinheiros,17/09/2023,N
2451,49185147561603,Auto Peças Central LTDA ME,Oficina mecânica,Goiânia,GO,Vila Madalena,2021-08-13,S
2452,28.795.614/1096-61,AUTO ELÉTRICA CRUZEIRO LTDA ME,Funilaria e pintura,Belo Horizonte,MG,Jardins,2022-08-09,S
2453,50690303471120,REDE PRIME ME,Autopeças independente,Brasília,DF,Ipanema,2023-11-25,S
2454,12920722303358,Mecânica Bandeirante LTDA,Oficina mecânica,Salvador,BA,Pituba,2026-04-14,S
2455,38792787678236,DISTRIBUIDORA UNIÃO S/A,E-commerce de peças,Fortaleza,CE,Vila Madalena,2024-08-17,S
2456,44865743062068,Retífica Rodovia LTDA,E-commerce de peças,Porto Alegre,RS,Aldeota,2024-04-22,S
2457,98.113.008/4339-14,PEÇAS E SERVIÇOS RODA LIVRE LTDA ME,Retífica de motores,Belo Horizonte,MG,Barra,2024-03-13,S
2458,50749504432719,Auto Center Marajó EIRELI,Autopeças independente,São Paulo,SP,Asa Sul,2023-09-27,S
2459,61.693.624/0885-16,Comercial Cruzeiro LTDA,Retífica de motores,Rio de Janeiro,RJ,Cambuí,01/02/2026,S
2460,41037622659415,Auto Elétrica União LTDA,Funilaria e pintura,Campinas,SP,Barra,13/12/2023,S
2461, 11644668471329 ,Rede Motor S/A,Retífica de motores,Brasília,DF,Cambuí,2024-05-04,S
2462,51.185.811/0146-02,Auto Center Paulista S/A,Oficina mecânica,Campinas,SP,Bela Vista,2023-08-07,S
2463,01408123563167,Importadora Turbo LTDA ME,Concessionária,Goiânia,GO,Boa Viagem,2022-07-11,S
2464,88.478.718/1938-34,Auto Center Econômica EIRELI,Auto center,Campinas,SP,Centro,2021-11-15,S
2465,47308028213114,Peças e Serviços Guará ME,Retífica de motores,Manaus,AM,Setor Bueno,2026-06-07,S
2466,78942596349001,Peças e Serviços Bosch Car EIRELI,Funilaria e pintura,Goiânia,GO,Asa Sul,2022-02-20,S
2467,11303076617061,Rede Marajó LTDA ME,Rede de autopeças,Salvador,BA,Higienópolis,2022-06-30,S
2468,09.872.848/1818-69,Comércio de Peças União EIRELI,Funilaria e pintura,Belo Horizonte,MG,Ipanema,2022-06-19,S
2469,77.213.963/6209-16,Retífica Diamante LTDA,E-commerce de peças,Porto Alegre,RS,Boa Viagem,2024-08-17,S
2470,90170668637218,Loja Roda Livre EIRELI,Funilaria e pintura,Rio de Janeiro,RJ,Jardins,2022-08-20,S
2471, 70571265656416 ,Distribuidora Turbo EIRELI,Rede de autopeças,Porto Alegre,RS,Savassi,25/11/2022,S
2472,20.701.805/8935-96,Comércio de Peças Marajó EIRELI,Concessionária,Rio de Janeiro,RJ,Cambuí,2021-12-02,S
2473,61.503.359/8480-86,Mecânica Popular ME,Funilaria e pintura,Fortaleza,CE,Batel,2024-04-20,S
2474,78.532.101/3398-93,Comercial Paulista ME,E-commerce de peças,Goiânia,GO,Vila Madalena,2024-08-13,S
2475,90140565025787,Auto Elétrica Anhanguera S/A,Autopeças independente,Porto Alegre,RS,Aldeota,2024-06-17,S
2476,04.636.919/9183-86,Peças e Serviços do Sul LTDA ME,Funilaria e pintura,Goiânia,GO,Vila Madalena,2023-03-05,N
2477, 36771775296942 ,Rede Diamante S/A,Oficina mecânica,Manaus,AM,Higienópolis,2022-07-07,S
2478,41.245.277/0508-75,Comércio de Peças Veloz S/A,Concessionária,Rio de Janeiro,RJ,Higienópolis,2025-11-15,S
2479,78.950.139/1938-70,Comercial Paulista LTDA,Retífica de motores,Recife,PE,Asa Sul,2022-03-19,S
2480, 84382814046247 ,Comercial Fortaleza ME,Funilaria e pintura,Campinas,SP,Boa Viagem,2021-09-06,S
2481,30890345446843,CASA DAS PEÇAS CRUZEIRO EIRELI,Autopeças independente,Curitiba,PR,Pinheiros,2023-09-02,S
2482,77307909919984,Rede Nacional S/A,Retífica de motores,Rio de Janeiro,RJ,Savassi,2022-06-12,S
2483,35.625.762/1090-28,Peças e Serviços Fortaleza LTDA,Oficina mecânica,São Paulo,SP,Asa Sul,2024-07-11,S
2484,56630572756220,Centro Automotivo Rota S/A,Concessionária,Rio de Janeiro,RJ,Cambuí,2025-07-24,S
2485,13.760.720/3248-93,Importadora Rota LTDA ME,Auto center,São Paulo,SP,Asa Sul,2025-12-21,S
2486,85.324.148/4268-98,PEÇAS E SERVIÇOS GARRA LTDA ME,Auto center,Recife,PE,Setor Bueno,2021-08-01,S
2487,85.785.645/1924-27,Centro Automotivo Bandeirante S/A,Concessionária,Salvador,BA,Moema,2025-10-01,S
2488,28735118778634,LOJA BOSCH CAR LTDA ME,Auto center,Belo Horizonte,MG,Vila Madalena,2024-04-15,S
2489,71.031.887/2779-60,Comercial Central ME,Rede de autopeças,Goiânia,GO,Cambuí,2022-05-16,S
2490,57846221634651,Auto Center Nacional ME,Oficina mecânica,São Paulo,SP,Moema,2021-09-09,S
2491,38298790868651,Loja Vitória LTDA ME,Rede de autopeças,Rio de Janeiro,RJ,Ipanema,01/04/2023,S
2492, 67015522641246 ,MECÂNICA DIAMANTE S/A,Oficina mecânica,Goiânia,GO,Meireles,2022-07-28,S
2493,68.320.227/1131-80,Auto Center Central EIRELI,Autopeças independente,Rio de Janeiro,RJ,Cambuí,2025-06-12,S
2494,57734328239132,Auto Peças Real S/A,Funilaria e pintura,Salvador,BA,Asa Sul,2024-04-19,S
2495,59.808.469/8732-97,Mecânica Vitória LTDA ME,Oficina mecânica,Curitiba,PR,Meireles,2022-11-25,S
2496,24469845989090,Peças e Serviços Econômica LTDA ME,Autopeças independente,Campinas,SP,Jardins,2022-07-17,S
2497,64658899872444,Auto Parts Roda Livre S/A,Funilaria e pintura,Belo Horizonte,MG,Batel,2022-06-28,S
2498,92749390981122,Casa das Peças Pista ME,Oficina mecânica,São Paulo,SP,Bela Vista,2024-11-15,S
2499,68405416523700,COMERCIAL RODA LIVRE EIRELI,Auto center,Curitiba,PR,Jardins,2021-08-28,S
2500,22.607.347/8432-67,Casa das Peças Fênix ME,E-commerce de peças,Curitiba,PR,Jardins,2023-03-26,S
2501,23385437673058,Distribuidora Onix EIRELI,Retífica de motores,Curitiba,PR,Vila Madalena,2022-09-30,S
2502, 43121255889839 ,Comercial Apex LTDA,Autopeças independente,Belo Horizonte,MG,Batel,2023-09-23,S
2503,70.670.779/2445-47,Mecânica Central ME,Auto center,Salvador,BA,Ipanema,2022-11-04,S
2504,68731024264596,Auto Elétrica Rota EIRELI,E-commerce de peças,Manaus,AM,Meireles,2023-05-18,S
2505,90.358.587/2632-75,Auto Center Apex S/A,Auto center,São Paulo,SP,Setor Bueno,2024-06-23,S
2506,02387288073664,Loja Cruzeiro S/A,Autopeças independente,Manaus,AM,Centro,2021-06-24,S
2507,19.643.356/2395-02,Peças e Serviços Estrada LTDA,Retífica de motores,Campinas,SP,Centro,2024-04-05,N
2508,22.053.220/8939-56,Casa das Peças Aurora LTDA ME,Autopeças independente,Belo Horizonte,MG,Aldeota,24/05/2024,S
2509,14.782.475/9911-73,Auto Peças Master LTDA ME,Rede de autopeças,São Paulo,SP,Bela Vista,2025-10-07,S
2510,60273160350245,Retífica Pista LTDA,Funilaria e pintura,Manaus,AM,Ipanema,2024-08-01,S
2511,16945646866764,Auto Parts Bandeirante S/A,Retífica de motores,Porto Alegre,RS,Centro,2022-05-12,N
2512,13743784710738,Centro Automotivo Onix ME,Concessionária,São Paulo,SP,Vila Madalena,2025-03-04,S
2513,23345015417765,Comercial Garra LTDA,Rede de autopeças,Belo Horizonte,MG,Jardins,2022-01-30,N
2514,91186247939334,Loja Potência ME,Retífica de motores,Salvador,BA,Pinheiros,2021-10-27,S
2515,15558008757575,Auto Elétrica Pista ME,Funilaria e pintura,Curitiba,PR,Higienópolis,13/02/2024,S
2516, 70844468501381 ,Centro Automotivo Fortaleza EIRELI,E-commerce de peças,Curitiba,PR,Barra,2023-04-20,S
2517,45701773370106,Rede Max LTDA ME,Oficina mecânica,Recife,PE,Pituba,2024-10-16,S
2518,08.262.775/6999-06,Centro Automotivo Onix LTDA,Rede de autopeças,Rio de Janeiro,RJ,Ipanema,2024-07-18,S
2519,18289210758643,Comércio de Peças Fortaleza LTDA ME,Funilaria e pintura,Rio de Janeiro,RJ,Meireles,24/08/2022,S
2520,14928969186175,Auto Center Aurora EIRELI,Funilaria e pintura,Curitiba,PR,Pinheiros,2022-06-16,S
2521,22069925583003,Rede Rodovia ME,Auto center,Campinas,SP,Setor Bueno,16/09/2022,S
2522,08853488319272,Loja Brasil EIRELI,Auto center,Manaus,AM,Meireles,17/02/2022,S
2523,18167177110340,Centro Automotivo Ouro LTDA ME,Funilaria e pintura,Brasília,DF,Aldeota,2026-01-17,S
2524,17.918.480/0000-13,Auto Center Turbo EIRELI,Concessionária,Porto Alegre,RS,Centro,2026-06-16,S
2525,11392158192772,Auto Center Prime EIRELI,Auto center,São Paulo,SP,Moema,06/03/2023,S
2526,46891583365974,Distribuidora Pista LTDA ME,Retífica de motores,Manaus,AM,Savassi,2021-12-08,S
2527,90833826561978,Centro Automotivo Estrada LTDA ME,Retífica de motores,Manaus,AM,Savassi,2021-05-31,S
2528,92770866574865,Auto Parts Garra LTDA ME,Oficina mecânica,Goiânia,GO,Meireles,2022-02-23,S
2529,80075068233733,Auto Elétrica Max ME,E-commerce de peças,Campinas,SP,Higienópolis,2025-12-23,S
2530,70738546052173,Importadora Nova Era S/A,Autopeças independente,Salvador,BA,Higienópolis,2025-04-12,S
2531,88022955769308,Auto Elétrica do Sul LTDA ME,Auto center,Campinas,SP,Moema,2021-09-27,S
2532,90623154344919,Auto Elétrica do Sul S/A,Auto center,Campinas,SP,Setor Bueno,29/11/2021,S
2533, 71172498596343 ,Comercial Ultra LTDA,Autopeças independente,Recife,PE,Batel,2022-04-20,S
2534,67240896287013,Auto Center Ouro LTDA ME,Oficina mecânica,Manaus,AM,Moema,2023-11-14,S
2535,71045999207189,Casa das Peças Rodovia LTDA,Autopeças independente,Rio de Janeiro,RJ,Higienópolis,2021-08-01,S
2536,05034611734174,Centro Automotivo Apex EIRELI,Oficina mecânica,Recife,PE,Boa Viagem,2024-03-05,S
2537,55.916.491/5663-03,Rede Roda Livre S/A,Rede de autopeças,Curitiba,PR,Centro,2026-02-07,N
2538,43525019165364,Comércio de Peças Central LTDA ME,Rede de autopeças,Porto Alegre,RS,Savassi,2025-10-08,S
2539, 41452448649153 ,Casa das Peças Nova Era ME,Autopeças independente,Curitiba,PR,Moema,2022-09-24,S
2540,06392946513271,Centro Automotivo Guará EIRELI,Retífica de motores,Porto Alegre,RS,Barra,2026-05-27,S
2541,70.981.920/5091-63,Centro Automotivo Brasil LTDA ME,Concessionária,Porto Alegre,RS,Barra,2023-05-01,S
2542,65711924912830,Casa das Peças do Sul S/A,Funilaria e pintura,Brasília,DF,Boa Viagem,2024-07-09,S
2543,67917761960791,Comercial Fênix EIRELI,Concessionária,Rio de Janeiro,RJ,Barra,2024-02-20,S
2544,31535628724504,Importadora Garra LTDA ME,Retífica de motores,Salvador,BA,Vila Madalena,2024-07-06,S
2545,98218244682163,Comercial Nova Era LTDA ME,Autopeças independente,Brasília,DF,Setor Bueno,2026-01-13,S
2546,73223224263783,Casa das Peças Roda Livre EIRELI,Retífica de motores,Manaus,AM,Cambuí,2022-06-20,S
2547,78475904474176,Comercial Líder LTDA ME,Retífica de motores,Brasília,DF,Jardins,2025-06-03,S
2548,25.329.324/4483-45,Auto Parts Aurora S/A,Oficina mecânica,Salvador,BA,Aldeota,2024-01-02,S
2549,72815706625016,CASA DAS PEÇAS BANDEIRANTE LTDA ME,Funilaria e pintura,Porto Alegre,RS,Asa Sul,2025-07-05,S
2550,87248492615283,Centro Automotivo Rodovia LTDA,Rede de autopeças,Porto Alegre,RS,Higienópolis,2024-08-21,S
2551,20780988220925,Importadora Onix EIRELI,Autopeças independente,Brasília,DF,Meireles,2023-09-05,S
2552,47913027929902,Retífica Onix S/A,Concessionária,Campinas,SP,Batel,2024-09-16,S
2553,99883594326032,Auto Center Ipê LTDA ME,Autopeças independente,Fortaleza,CE,Centro,18/09/2023,S
2554,17150685246088,Peças e Serviços Popular LTDA,Oficina mecânica,Brasília,DF,Savassi,2021-07-08,S
2555,22.866.009/9974-94,Mecânica Onix LTDA,Retífica de motores,Rio de Janeiro,RJ,Setor Bueno,2025-11-27,S
2556,73725901259968,Auto Peças Diamante ME,Funilaria e pintura,Brasília,DF,Aldeota,2023-02-08,S
2557,67154295995719,Comercial Onix LTDA ME,Auto center,Campinas,SP,Moema,2022-12-23,S
2558,03533635921723,Rede Onix S/A,Retífica de motores,Manaus,AM,Higienópolis,2025-08-13,S
2559, 63143870611542 ,Distribuidora Guará S/A,Oficina mecânica,Recife,PE,Savassi,2026-02-17,S
2560,65.951.733/6664-81,Auto Center Paulista LTDA,Auto center,Manaus,AM,Higienópolis,2025-04-12,N
2561,10638224432654,Comercial Paulista S/A,Oficina mecânica,Rio de Janeiro,RJ,Bela Vista,2021-06-25,S
2562,78551791543698,Centro Automotivo Roda Livre S/A,Funilaria e pintura,Goiânia,GO,Higienópolis,2024-06-10,S
2563,04940809100695,Loja Real ME,Retífica de motores,Curitiba,PR,Meireles,04/06/2022,S
2564,92.664.030/7505-99,Auto Center Ultra LTDA,E-commerce de peças,Fortaleza,CE,Aldeota,2025-11-15,S
2565,17965105920865,Mecânica Ultra EIRELI,E-commerce de peças,Goiânia,GO,Higienópolis,2023-06-19,S
2566,18566549347812,Loja Líder S/A,Retífica de motores,Curitiba,PR,Barra,2022-05-15,S
2567,97.030.781/7623-25,Comércio de Peças Prime S/A,Retífica de motores,Rio de Janeiro,RJ,Boa Viagem,2022-10-16,S
2568,61518078442467,Auto Peças Guará ME,Autopeças independente,Fortaleza,CE,Ipanema,2022-03-26,S
2569,57125445847951,Auto Center do Sul LTDA,Autopeças independente,Recife,PE,Centro,2026-04-11,S
2570,44.962.521/6538-97,Loja Anhanguera LTDA ME,Autopeças independente,Campinas,SP,Pituba,15/06/2023,S
2571,44.203.157/9970-65,Auto Peças Cruzeiro LTDA ME,E-commerce de peças,Belo Horizonte,MG,Barra,2025-01-13,S
2572,09680192271662,Auto Peças Nova Era LTDA ME,Funilaria e pintura,Salvador,BA,Aldeota,2023-07-07,S
2573,26.558.132/6135-42,Auto Parts Prime ME,Autopeças independente,Fortaleza,CE,Batel,2022-02-18,S
2574,02530467407185,Loja Nova Era S/A,Oficina mecânica,São Paulo,SP,Vila Madalena,2024-11-19,S
2575,87531848336492,Mecânica Roda Livre S/A,Rede de autopeças,Manaus,AM,Moema,2024-01-19,S
2576,93032216880701,Auto Peças Estrada EIRELI,Oficina mecânica,Curitiba,PR,Moema,2024-11-25,S
2577,12.188.334/0179-19,Auto Parts Econômica LTDA ME,Oficina mecânica,Salvador,BA,Pinheiros,2022-12-19,S
2578,62536711712034,Auto Center Econômica LTDA,Auto center,Manaus,AM,Aldeota,2022-08-12,S
2579,92.300.224/2237-16,Loja Turbo EIRELI,Funilaria e pintura,Salvador,BA,Aldeota,2022-07-06,S
2580,11.152.927/0993-06,Centro Automotivo Vitória LTDA,E-commerce de peças,Belo Horizonte,MG,Moema,11/01/2022,S
2581,31010910460052,Auto Center Econômica S/A,Oficina mecânica,Manaus,AM,Ipanema,29/05/2024,S
2582, 89537227839290 ,Retífica Central EIRELI,Funilaria e pintura,Curitiba,PR,Higienópolis,26/09/2023,S
2583,76965776543959,Distribuidora Ouro ME,Retífica de motores,São Paulo,SP,Boa Viagem,2023-10-01,S
2584,53474911608478,Centro Automotivo Diamante EIRELI,Concessionária,Porto Alegre,RS,Setor Bueno,2023-12-30,S
2585,48.485.694/4514-21,Comercial do Sul LTDA ME,Retífica de motores,Campinas,SP,Pituba,2022-08-10,N
2586,91.438.276/4612-39,Retífica Titan ME,Oficina mecânica,Curitiba,PR,Savassi,2022-09-12,S
2587,20677309780399,Casa das Peças Motor LTDA ME,Rede de autopeças,Fortaleza,CE,Meireles,2023-06-22,S
2588,19.382.891/8350-73,Mecânica do Sul EIRELI,Oficina mecânica,Goiânia,GO,Bela Vista,2021-11-12,S
2589,14627856621762,Peças e Serviços Cruzeiro S/A,Concessionária,Rio de Janeiro,RJ,Setor Bueno,2022-01-29,S
2590,65149975301446,Auto Peças Anhanguera EIRELI,Oficina mecânica,Salvador,BA,Moema,2025-05-26,S
2591,21988481312059,Centro Automotivo Potência ME,Funilaria e pintura,Belo Horizonte,MG,Boa Viagem,2026-04-11,S
2592,24176697068382,Comércio de Peças Estrada LTDA,Auto center,São Paulo,SP,Pituba,24/10/2025,S
2593,49625959012135,Rede Nova Era EIRELI,Autopeças independente,Salvador,BA,Meireles,22/10/2022,S
2594,66937067564403,Comercial Garra LTDA,Concessionária,Porto Alegre,RS,Asa Sul,2024-03-09,S
2595,72055532168555,Casa das Peças Nova Era EIRELI,E-commerce de peças,Salvador,BA,Meireles,2026-05-04,S
2596,72.288.499/3928-86,Mecânica Popular LTDA ME,Autopeças independente,São Paulo,SP,Cambuí,2022-06-30,S
2597,28544305236141,Importadora Marajó LTDA,Funilaria e pintura,Manaus,AM,Boa Viagem,2022-03-31,S
2598, 20050294079939 ,Centro Automotivo Ultra S/A,Retífica de motores,Porto Alegre,RS,Savassi,10/03/2022,S
2599,05.424.878/4041-47,Retífica Garra EIRELI,Auto center,Goiânia,GO,Moema,2024-02-01,S
2600,99229137901688,Importadora do Sul LTDA ME,E-commerce de peças,Recife,PE,Barra,2023-02-02,N
2601,94791415928427,Mecânica Líder LTDA ME,Auto center,Goiânia,GO,Aldeota,2022-07-16,S
2602,67856371643611,Auto Center Vitória ME,Oficina mecânica,Recife,PE,Pituba,2024-02-21,S
2603,74.782.563/4325-10,Rede Real S/A,Autopeças independente,Brasília,DF,Savassi,2023-12-25,S
2604,14101120174748,Auto Parts Fortaleza LTDA,Auto center,Goiânia,GO,Asa Sul,2024-02-24,S
2605,80.212.458/2470-80,Auto Elétrica Aurora EIRELI,Auto center,Curitiba,PR,Meireles,2025-03-04,S
2606,25.424.702/6915-46,Auto Center Rota ME,Concessionária,Porto Alegre,RS,Batel,2022-05-25,S
2607, 18708633445397 ,Auto Center Real S/A,Autopeças independente,Curitiba,PR,Centro,2022-08-26,S
2608,56.980.284/4027-83,Importadora Pista S/A,Rede de autopeças,Brasília,DF,Savassi,2022-04-26,S
2609,47904475153792,Casa das Peças Vitória S/A,Autopeças independente,Campinas,SP,Batel,2022-06-04,S
2610,20002978067824,Peças e Serviços do Sul S/A,Oficina mecânica,Brasília,DF,Boa Viagem,2022-04-21,S
2611,28816903583223,Auto Center do Sul ME,Funilaria e pintura,Rio de Janeiro,RJ,Pinheiros,2023-09-27,S
2612,38.814.899/4822-33,Peças e Serviços Fortaleza S/A,Rede de autopeças,Brasília,DF,Aldeota,2025-07-06,S
2613,18632133752145,Auto Elétrica Central ME,E-commerce de peças,Brasília,DF,Jardins,2022-09-01,S
2614,99744225973037,Mecânica Bandeirante S/A,Oficina mecânica,Brasília,DF,Aldeota,02/04/2023,S
2615,20060830773667,Auto Peças Roda Livre LTDA ME,Oficina mecânica,Curitiba,PR,Moema,2022-08-19,S
2616,57333538379023,Comercial Diamante EIRELI,E-commerce de peças,Manaus,AM,Setor Bueno,2021-09-04,S
2617,61927812079624,Auto Elétrica Aurora EIRELI,Oficina mecânica,Fortaleza,CE,Aldeota,2026-04-12,S
2618,73720170117555,Peças e Serviços Speed EIRELI,E-commerce de peças,Rio de Janeiro,RJ,Vila Madalena,2022-06-23,S
2619,44.998.907/1677-88,Auto Peças Master ME,E-commerce de peças,Porto Alegre,RS,Centro,2025-02-17,S
2620,83341871550393,Distribuidora Titan ME,Funilaria e pintura,São Paulo,SP,Asa Sul,2024-05-12,S
2621,73.129.504/8881-98,Peças e Serviços Titan ME,Auto center,Curitiba,PR,Batel,2021-11-15,S
2622,80992839863910,Distribuidora Pista LTDA ME,Rede de autopeças,Fortaleza,CE,Jardins,2025-06-11,S
2623,16919486707698,Mecânica Potência S/A,E-commerce de peças,Brasília,DF,Higienópolis,2022-05-22,S
2624,15427255730180,Comercial Paulista ME,Oficina mecânica,São Paulo,SP,Centro,2021-09-21,S
2625,72752152723114,Mecânica Anhanguera S/A,Rede de autopeças,Campinas,SP,Aldeota,06/06/2023,S
2626,97.277.719/8460-53,Auto Parts Econômica EIRELI,Oficina mecânica,Salvador,BA,Jardins,2022-12-25,S
2627,34.869.871/6462-92,Comércio de Peças Rodovia LTDA,Auto center,Brasília,DF,Centro,2026-01-23,S
2628,11.000.778/3182-63,Auto Parts Aurora LTDA ME,Retífica de motores,Brasília,DF,Jardins,2021-12-30,S
2629,25081933922744,Comércio de Peças Nova Era EIRELI,Oficina mecânica,Belo Horizonte,MG,Boa Viagem,2022-08-07,S
2630,92447717406686,Mecânica Roda Livre LTDA ME,E-commerce de peças,Fortaleza,CE,Pituba,2022-02-24,S
2631,23761825930878,Comercial Rodovia LTDA,Retífica de motores,Brasília,DF,Moema,2021-11-25,S
2632,35815671026225,AUTO CENTER NACIONAL ME,Funilaria e pintura,Recife,PE,Bela Vista,2024-02-05,S
2633,37282840125200,Comercial Veloz S/A,Retífica de motores,Porto Alegre,RS,Savassi,2024-10-18,S
2634,96.667.830/3172-94,Auto Parts Líder LTDA,Funilaria e pintura,Fortaleza,CE,Vila Madalena,2024-05-22,S
2635,84.814.196/7991-84,Auto Peças Diamante S/A,Autopeças independente,Campinas,SP,Ipanema,05/02/2025,S
2636,51940568459340,Retífica Marajó LTDA ME,Oficina mecânica,Brasília,DF,Pituba,2025-12-17,S
2637,75.022.593/1227-25,Comercial Aurora LTDA,Oficina mecânica,Salvador,BA,Centro,28/02/2023,S
2638,82546772396778,REDE RODOVIA LTDA ME,Auto center,Salvador,BA,Centro,2023-08-07,S
2639,67.940.990/7372-29,Auto Peças Aurora ME,E-commerce de peças,Belo Horizonte,MG,Setor Bueno,2024-01-17,S
2640,44.029.195/6505-84,Retífica Real ME,E-commerce de peças,Salvador,BA,Cambuí,2021-07-12,S
2641,22935117486369,Rede Bandeirante EIRELI,Autopeças independente,São Paulo,SP,Jardins,2023-04-24,S
2642,43517593172610,Comércio de Peças Turbo ME,E-commerce de peças,Campinas,SP,Moema,2021-08-20,S
2643,79612650889975,Casa das Peças Estrada S/A,Oficina mecânica,Porto Alegre,RS,Pituba,2022-10-16,S
2644,16680965119888,Auto Peças Estrada ME,E-commerce de peças,Brasília,DF,Moema,2022-03-04,S
2645, 85457477060855 ,Auto Peças Aurora EIRELI,Funilaria e pintura,Fortaleza,CE,Setor Bueno,2021-07-29,S
2646,32.754.115/6527-70,Loja Max LTDA ME,Oficina mecânica,Manaus,AM,Higienópolis,2024-03-13,S
2647,52.792.008/5463-16,Loja Bosch Car LTDA ME,Rede de autopeças,São Paulo,SP,Meireles,2023-02-11,S
2648,75.583.883/3314-93,Mecânica Econômica S/A,E-commerce de peças,Curitiba,PR,Bela Vista,2023-10-21,S
2649, 20666534797109 ,Auto Center Fortaleza LTDA,Retífica de motores,Campinas,SP,Boa Viagem,04/03/2026,S
2650,61780886449916,Rede Apex LTDA,Auto center,Recife,PE,Setor Bueno,2023-11-12,S
2651,50122915353759,Rede Bandeirante LTDA ME,Retífica de motores,Belo Horizonte,MG,Savassi,2023-10-17,S
2652,29338010701774,DISTRIBUIDORA SPEED LTDA ME,Funilaria e pintura,Porto Alegre,RS,Savassi,2022-12-10,S
2653, 07831233153497 ,Peças e Serviços Diamante LTDA,E-commerce de peças,Salvador,BA,Barra,2026-01-15,S
2654,41648668982397,IMPORTADORA NOBRE LTDA ME,Concessionária,Rio de Janeiro,RJ,Bela Vista,2023-08-04,S
2655,63555012199149,Auto Parts Cruzeiro ME,Oficina mecânica,Goiânia,GO,Moema,2025-03-15,S
2656,54.970.594/4599-14,Casa das Peças Central ME,Autopeças independente,Recife,PE,Pituba,2024-11-12,N
2657,13.604.212/1004-68,AUTO PEÇAS ANHANGUERA LTDA,Oficina mecânica,Fortaleza,CE,Bela Vista,2021-12-13,S
2658,54255686222905,Auto Center Max LTDA,Retífica de motores,Recife,PE,Pinheiros,2023-03-06,S
2659,29369070648723,Auto Center Garra S/A,Funilaria e pintura,Goiânia,GO,Cambuí,18/10/2022,S
2660,20477004830762,Mecânica Diamante ME,Concessionária,Salvador,BA,Aldeota,2022-01-29,S
2661,38326225063483,Distribuidora União EIRELI,Funilaria e pintura,Porto Alegre,RS,Vila Madalena,2025-01-19,S
2662,50380954185203,Loja Rodovia EIRELI,Autopeças independente,Fortaleza,CE,Meireles,2021-05-23,S
2663,09.809.934/0960-08,Centro Automotivo Diamante S/A,Rede de autopeças,Salvador,BA,Cambuí,2021-12-22,S
2664,22527768575564,Auto Parts Motor EIRELI,Concessionária,Porto Alegre,RS,Meireles,2022-12-03,S
2665,26.749.422/2166-09,Mecânica Estrada S/A,Retífica de motores,Salvador,BA,Setor Bueno,2026-02-04,S
2666,35777931240493,Distribuidora Cruzeiro ME,Funilaria e pintura,São Paulo,SP,Pituba,08/10/2021,S
2667,33734776306585,Importadora Nova Era LTDA ME,Oficina mecânica,Salvador,BA,Moema,2025-11-16,S
2668,89.730.378/5814-42,Comercial Pista LTDA ME,Funilaria e pintura,Campinas,SP,Centro,2021-06-29,S
2669, 56115551074981 ,Rede Turbo EIRELI,Rede de autopeças,São Paulo,SP,Centro,2021-07-08,N
2670,87297012683156,Retífica Fortaleza LTDA ME,E-commerce de peças,Rio de Janeiro,RJ,Moema,2023-09-22,S
2671,97690543526821,Auto Peças Master ME,Retífica de motores,Recife,PE,Boa Viagem,2023-01-01,S
2672,07.325.759/2123-03,Rede Brasil EIRELI,Autopeças independente,Rio de Janeiro,RJ,Meireles,2022-12-29,S
2673,72104631186701,Comercial Central EIRELI,Funilaria e pintura,Rio de Janeiro,RJ,Setor Bueno,2021-06-30,S
2674,18131254709973,Centro Automotivo do Sul LTDA,Funilaria e pintura,Curitiba,PR,Asa Sul,2023-03-27,S
2675,64718629436813,Casa das Peças Cruzeiro EIRELI,Oficina mecânica,Fortaleza,CE,Centro,2024-03-05,S
2676,07845845840222,Mecânica Potência ME,Rede de autopeças,Belo Horizonte,MG,Jardins,2022-03-08,S
2677,72527934445190,Casa das Peças do Sul LTDA,E-commerce de peças,Recife,PE,Centro,2022-05-25,S
2678,30.634.437/1084-25,Auto Parts Ultra ME,Oficina mecânica,Brasília,DF,Barra,2022-03-06,S
2679, 49724868983225 ,Importadora Master LTDA ME,Concessionária,Manaus,AM,Pinheiros,2023-06-07,S
2680,33.847.137/0587-75,Mecânica Rodovia LTDA,Concessionária,São Paulo,SP,Centro,2024-11-24,S
2681,42033873845350,Comércio de Peças Max ME,Rede de autopeças,Curitiba,PR,Vila Madalena,2025-07-19,S
2682,36.586.949/1997-85,COMERCIAL RODOVIA EIRELI,E-commerce de peças,Campinas,SP,Boa Viagem,2024-01-12,S
2683, 73759428318886 ,Rede Master ME,Rede de autopeças,Fortaleza,CE,Boa Viagem,2024-01-23,S
2684,91154168249770,Peças e Serviços Fênix LTDA,E-commerce de peças,São Paulo,SP,Asa Sul,2022-09-03,S
2685,54.765.126/7490-75,Loja Brasil EIRELI,Funilaria e pintura,Recife,PE,Vila Madalena,2023-05-28,S
2686,33495651582230,Comercial Speed LTDA ME,Autopeças independente,Goiânia,GO,Ipanema,2022-12-28,S
2687,12498334414679,Importadora Nova Era ME,Funilaria e pintura,Recife,PE,Boa Viagem,2022-07-07,S
2688,49.373.529/0831-16,Retífica Fênix S/A,E-commerce de peças,Rio de Janeiro,RJ,Bela Vista,2021-10-13,S
2689,20.718.116/9441-82,Loja Motor S/A,Auto center,Curitiba,PR,Aldeota,2022-06-18,S
2690,15398740541919,Casa das Peças Bosch Car LTDA,Oficina mecânica,Manaus,AM,Setor Bueno,2021-05-21,S
2691,42274045122858,Auto Elétrica Fênix LTDA,Funilaria e pintura,Rio de Janeiro,RJ,Jardins,2021-07-01,S
2692,74318910049246,Auto Peças Apex EIRELI,Retífica de motores,Salvador,BA,Aldeota,2024-06-19,S
2693,31508108667042,Comércio de Peças Motor ME,Auto center,Recife,PE,Jardins,2021-06-05,S
2694,42.823.598/4887-69,Auto Center Paulista EIRELI,Rede de autopeças,Recife,PE,Boa Viagem,2024-03-24,S
2695,49605937062723,Mecânica Central LTDA,Funilaria e pintura,Curitiba,PR,Bela Vista,2025-06-04,S
2696,70.571.629/8475-48,Rede Popular EIRELI,Autopeças independente,Brasília,DF,Asa Sul,2021-11-27,S
2697,48.385.601/6685-86,Retífica Nobre EIRELI,Auto center,Goiânia,GO,Batel,2022-02-14,S
2698,53930361999326,Centro Automotivo Brasil EIRELI,Rede de autopeças,Fortaleza,CE,Setor Bueno,2026-03-09,S
2699,36837803717186,Casa das Peças Bosch Car LTDA ME,Autopeças independente,Manaus,AM,Batel,2022-11-12,N
2700,54565663636381,COMÉRCIO DE PEÇAS VITÓRIA ME,Concessionária,Recife,PE,Jardins,2023-07-02,S
2701,10.379.982/0487-93,Auto Peças Vitória ME,Retífica de motores,Belo Horizonte,MG,Aldeota,2021-11-16,S
2702,37.759.012/9299-29,Peças e Serviços Popular LTDA ME,Retífica de motores,Goiânia,GO,Setor Bueno,21/10/2023,S
2703,40850749113928,Importadora Prime S/A,Rede de autopeças,Fortaleza,CE,Batel,2025-10-27,S
2704,31380033833673,COMÉRCIO DE PEÇAS REAL LTDA,E-commerce de peças,Brasília,DF,Ipanema,2024-11-03,S
2705,15818110699429,Peças e Serviços Master LTDA ME,Retífica de motores,Recife,PE,Cambuí,2025-04-30,S
2706,93201089810723,Comércio de Peças Fortaleza EIRELI,Concessionária,Brasília,DF,Aldeota,2023-11-04,S
2707,19441088344425,Distribuidora Estrada EIRELI,Concessionária,São Paulo,SP,Pituba,2023-04-12,S
2708,47702392831091,Comercial Líder LTDA,Retífica de motores,Brasília,DF,Barra,2022-07-28,S
2709,92341024250596,Mecânica Ultra EIRELI,Concessionária,Fortaleza,CE,Moema,2025-09-21,S
2710,76896176872962,Auto Center Onix LTDA,Auto center,Fortaleza,CE,Moema,2024-07-23,S
2711, 10082592306511 ,CASA DAS PEÇAS VELOZ EIRELI,Concessionária,Porto Alegre,RS,Bela Vista,2021-12-26,S
2712,49605469050849,Rede Apex EIRELI,Retífica de motores,São Paulo,SP,Jardins,2022-10-18,S
2713,30.878.875/2632-28,Comercial Brasil EIRELI,Funilaria e pintura,Fortaleza,CE,Jardins,2023-03-31,S
2714,10377002335823,Mecânica Popular LTDA ME,Autopeças independente,Campinas,SP,Moema,2022-10-25,S
2715, 70883286041614 ,Centro Automotivo Ouro S/A,E-commerce de peças,Salvador,BA,Bela Vista,2023-05-30,S
2716,55746433304030,Auto Center Bandeirante EIRELI,Retífica de motores,Porto Alegre,RS,Ipanema,2022-10-08,S
2717,62925809949194,Retífica Apex LTDA,Funilaria e pintura,São Paulo,SP,Meireles,2023-04-29,S
2718,55685022080538,Loja Bosch Car EIRELI,Concessionária,Recife,PE,Boa Viagem,2023-01-02,S
2719,46518359146120,Auto Elétrica Potência S/A,Autopeças independente,Manaus,AM,Barra,2024-01-11,S
2720, 77160108317349 ,Loja Garra EIRELI,Concessionária,São Paulo,SP,Barra,2021-07-03,S
2721,53175286122400,Auto Peças Marajó S/A,Funilaria e pintura,Fortaleza,CE,Barra,2026-04-11,S
2722,02287408975784,Retífica Max S/A,Oficina mecânica,Campinas,SP,Jardins,27/11/2023,S
2723,64214928841634,Auto Center Master S/A,Concessionária,Belo Horizonte,MG,Meireles,2023-01-26,S
2724,05515704533043,Retífica Ipê S/A,Retífica de motores,Belo Horizonte,MG,Batel,2023-04-08,S
2725,74433731402903,Retífica Prime LTDA,Autopeças independente,Brasília,DF,Setor Bueno,2024-12-18,N
2726,59.786.216/3484-43,Auto Peças Fortaleza LTDA ME,E-commerce de peças,Salvador,BA,Ipanema,2024-05-03,N
2727,23.828.881/6137-19,Comércio de Peças Anhanguera ME,Autopeças independente,Brasília,DF,Savassi,2022-11-02,S
2728,55428468638720,Retífica Paulista ME,Concessionária,Curitiba,PR,Batel,2023-07-01,S
2729,94.327.402/6558-59,Retífica Apex ME,Autopeças independente,Porto Alegre,RS,Bela Vista,2023-08-29,S
2730,48051438827374,Rede Aurora LTDA ME,E-commerce de peças,Salvador,BA,Higienópolis,2026-04-10,S
2731,13.240.621/4613-35,Mecânica Popular ME,Funilaria e pintura,Campinas,SP,Cambuí,2023-03-18,S
2732,63481415771807,Rede Max ME,Concessionária,Manaus,AM,Vila Madalena,05/04/2023,S
2733,85.141.908/2745-74,Comercial Vitória LTDA ME,Concessionária,Belo Horizonte,MG,Meireles,2022-07-30,S
2734,36435371214630,Loja Paulista LTDA,Oficina mecânica,Fortaleza,CE,Higienópolis,2024-10-30,S
2735,32310265574744,Casa das Peças Max ME,Auto center,Recife,PE,Centro,2023-07-20,S
2736,02.897.409/3934-96,AUTO CENTER ROTA S/A,Funilaria e pintura,Porto Alegre,RS,Cambuí,2023-02-07,S
2737,15426267188926,Retífica Garra LTDA,Rede de autopeças,Belo Horizonte,MG,Aldeota,2025-04-02,S
2738,17759414477204,Comercial Max S/A,Auto center,Belo Horizonte,MG,Aldeota,18/04/2025,S
2739,62762439606300,Auto Parts Brasil S/A,Concessionária,Manaus,AM,Moema,22/01/2022,S
2740,35639211878162,Casa das Peças Cruzeiro EIRELI,Auto center,Fortaleza,CE,Savassi,2022-07-10,S
2741,97.344.685/0094-79,Auto Center Bandeirante LTDA ME,Concessionária,Salvador,BA,Savassi,2023-03-17,S
2742,29087929686367,Comércio de Peças União LTDA ME,Funilaria e pintura,Recife,PE,Ipanema,2022-02-17,S
2743,60075504084138,Peças e Serviços Motor LTDA ME,Autopeças independente,Curitiba,PR,Batel,2023-05-17,S
2744,20790779886182,Comercial Onix EIRELI,Retífica de motores,Campinas,SP,Boa Viagem,2022-07-29,S
2745,28.022.244/6616-51,Centro Automotivo Master LTDA ME,Oficina mecânica,São Paulo,SP,Boa Viagem,07/01/2022,S
2746,70438833923840,Casa das Peças Pista LTDA,Concessionária,Salvador,BA,Asa Sul,2021-06-06,S
2747,77427359840705,Comercial Central LTDA ME,Autopeças independente,Salvador,BA,Pinheiros,2022-12-27,S
2748,96794718916680,LOJA ESTRADA LTDA ME,Autopeças independente,Belo Horizonte,MG,Pituba,2024-12-27,S
2749,00220036423822,Mecânica Motor S/A,Concessionária,Campinas,SP,Boa Viagem,2023-04-12,S
2750,62120254094113,Auto Peças Speed ME,Oficina mecânica,Salvador,BA,Cambuí,2021-06-24,S
2751,56983649509262,Auto Peças Prime ME,Auto center,Recife,PE,Meireles,2021-10-20,S
2752,43.061.432/8858-99,Auto Center Nacional S/A,Autopeças independente,Rio de Janeiro,RJ,Higienópolis,2023-01-17,S
2753,23.710.449/0711-36,Casa das Peças Nova Era S/A,Autopeças independente,Goiânia,GO,Cambuí,2023-04-01,S
2754,39.127.790/5387-51,Rede Speed ME,Oficina mecânica,São Paulo,SP,Aldeota,2021-10-29,S
2755,39.773.380/0414-32,Rede Ouro LTDA,E-commerce de peças,São Paulo,SP,Asa Sul,2022-04-30,S
2756,20086586233487,MECÂNICA ULTRA LTDA,E-commerce de peças,Curitiba,PR,Aldeota,2025-04-23,S
2757,75.732.514/1561-73,Centro Automotivo Motor LTDA ME,Concessionária,Recife,PE,Batel,2025-04-20,S
2758,61.740.353/0056-84,Centro Automotivo Master EIRELI,Concessionária,Fortaleza,CE,Pituba,2023-12-23,S
2759, 13263015089229 ,Auto Peças Motor ME,Concessionária,Porto Alegre,RS,Aldeota,2026-04-28,N
2760,50386072943062,Retífica do Sul ME,E-commerce de peças,Campinas,SP,Savassi,2021-11-05,S
2761,28.558.679/3160-27,Retífica Roda Livre LTDA ME,E-commerce de peças,Campinas,SP,Ipanema,2021-10-17,S
2762, 12806955211095 ,Casa das Peças Líder LTDA ME,Oficina mecânica,Manaus,AM,Cambuí,22/12/2024,S
2763,34112928810423,Auto Elétrica Veloz EIRELI,Oficina mecânica,Rio de Janeiro,RJ,Pinheiros,2021-07-31,S
2764,45.085.548/8598-06,Comercial Bandeirante S/A,Auto center,Salvador,BA,Setor Bueno,2025-05-05,S
2765,44.060.269/0959-40,Casa das Peças Titan S/A,Concessionária,Brasília,DF,Centro,2022-09-25,S
2766, 77730881530293 ,Casa das Peças Roda Livre EIRELI,Auto center,São Paulo,SP,Pituba,2025-10-02,S
2767,38412791325332,COMÉRCIO DE PEÇAS NOVA ERA EIRELI,E-commerce de peças,Salvador,BA,Vila Madalena,2022-08-31,S
2768,22121154448502,Rede Vitória LTDA ME,Retífica de motores,Porto Alegre,RS,Moema,2022-12-30,S
2769,13.779.730/9514-60,Loja Pista LTDA,Concessionária,Fortaleza,CE,Boa Viagem,2026-01-19,S
2770,04401217856343,Casa das Peças Bosch Car ME,Oficina mecânica,Porto Alegre,RS,Asa Sul,12/08/2025,S
2771,86866775646983,Casa das Peças Brasil S/A,Autopeças independente,Belo Horizonte,MG,Vila Madalena,2025-02-02,S
2772,31.999.087/0146-18,Auto Elétrica Potência LTDA ME,Autopeças independente,Salvador,BA,Barra,2022-01-14,S
2773,46.783.146/4250-88,Peças e Serviços Anhanguera S/A,Funilaria e pintura,Belo Horizonte,MG,Setor Bueno,2025-05-30,S
2774,77323724929213,Importadora Paulista LTDA ME,Rede de autopeças,Campinas,SP,Setor Bueno,2024-09-06,S
2775,69274505695826,Auto Parts Cruzeiro LTDA,Rede de autopeças,Salvador,BA,Barra,2024-03-15,S
2776,12.580.256/2197-47,Auto Parts Apex EIRELI,Autopeças independente,Brasília,DF,Batel,2025-07-02,S
2777,56.261.604/6430-07,Auto Parts Aurora EIRELI,Rede de autopeças,Recife,PE,Meireles,2023-10-09,N
2778, 97837476693777 ,Peças e Serviços Roda Livre LTDA ME,Concessionária,Curitiba,PR,Moema,2023-08-19,S
2779,76.128.261/2499-87,Loja Ouro LTDA,E-commerce de peças,Brasília,DF,Jardins,2022-02-26,S
2780,12756104086732,Casa das Peças Speed S/A,Rede de autopeças,Brasília,DF,Pinheiros,2022-11-09,S
2781,71656938651205,Centro Automotivo Garra S/A,Autopeças independente,Porto Alegre,RS,Setor Bueno,2025-01-10,S
2782,01696202336270,Peças e Serviços Cruzeiro LTDA,Funilaria e pintura,Fortaleza,CE,Pituba,2022-06-05,S
2783,62.354.351/2904-58,Rede Estrada EIRELI,Funilaria e pintura,Salvador,BA,Ipanema,2021-07-01,S
2784,50045106660588,Centro Automotivo Anhanguera ME,Concessionária,São Paulo,SP,Bela Vista,2024-06-03,S
2785,83225702116866,Distribuidora Popular EIRELI,Concessionária,Brasília,DF,Pinheiros,2026-03-06,S
2786,91.781.548/3611-53,Comercial Ouro EIRELI,Rede de autopeças,Recife,PE,Setor Bueno,22/09/2025,S
2787,30342678456611,Auto Center Brasil LTDA,Rede de autopeças,Porto Alegre,RS,Centro,2022-10-29,S
2788,40.578.766/0178-29,Auto Elétrica Aurora LTDA ME,E-commerce de peças,Recife,PE,Aldeota,2022-07-14,S
2789,02797273019969,Importadora Guará LTDA ME,Oficina mecânica,Brasília,DF,Ipanema,2021-05-23,S
2790,89.884.386/8443-80,Distribuidora do Sul EIRELI,E-commerce de peças,Salvador,BA,Ipanema,2022-06-22,S
2791,73.815.679/9728-15,IMPORTADORA MARAJÓ ME,Autopeças independente,Manaus,AM,Pituba,2026-06-27,S
2792,39169497397687,Mecânica Ultra LTDA,Rede de autopeças,Recife,PE,Moema,2022-07-09,S
2793,53409619975117,Peças e Serviços Vitória LTDA,Funilaria e pintura,Fortaleza,CE,Batel,2022-11-24,S
2794,16.269.696/7278-33,Auto Center Titan LTDA ME,Concessionária,Goiânia,GO,Vila Madalena,2023-09-09,S
2795,43.698.120/0678-97,Casa das Peças Econômica S/A,Retífica de motores,Belo Horizonte,MG,Setor Bueno,2023-10-14,S
2796,01298394541646,AUTO ELÉTRICA LÍDER LTDA,Retífica de motores,Fortaleza,CE,Pinheiros,2024-07-08,S
2797, 85300455786859 ,Auto Elétrica Pista EIRELI,Autopeças independente,Belo Horizonte,MG,Pituba,2025-01-08,S
2798,14420180342068,Retífica Nova Era LTDA,Concessionária,Porto Alegre,RS,Vila Madalena,2022-01-19,S
2799,08179621167123,Auto Elétrica Nobre LTDA ME,Oficina mecânica,Fortaleza,CE,Higienópolis,2024-06-10,N
2800,16.658.136/6222-08,RETÍFICA CRUZEIRO ME,Autopeças independente,Manaus,AM,Ipanema,2022-07-24,N
2801,63994783488146,Importadora Titan EIRELI,Concessionária,Goiânia,GO,Aldeota,2024-08-20,S
2802,34.441.756/6619-62,AUTO ELÉTRICA RODA LIVRE LTDA,Concessionária,Porto Alegre,RS,Pituba,2025-04-30,S
2803,03.216.580/8726-70,Auto Elétrica Onix S/A,Retífica de motores,Rio de Janeiro,RJ,Jardins,2022-10-23,S
2804,58167291930420,Comercial Titan EIRELI,Oficina mecânica,Porto Alegre,RS,Barra,2024-03-06,S
2805,76567224128650,Retífica Potência LTDA,E-commerce de peças,Brasília,DF,Ipanema,2023-04-12,S
2806,92224924440661,Retífica Paulista ME,Concessionária,Goiânia,GO,Pituba,2022-09-25,S
2807,48.618.382/5591-43,Auto Parts Estrada ME,Retífica de motores,Manaus,AM,Pinheiros,2023-09-06,S
2808,18.208.086/1780-87,Rede Roda Livre ME,E-commerce de peças,Salvador,BA,Batel,2025-04-18,S
2809,57036595925707,Peças e Serviços Estrada ME,Auto center,Manaus,AM,Asa Sul,2023-08-16,S
2810,99.811.721/3702-61,Centro Automotivo Prime ME,Rede de autopeças,Manaus,AM,Jardins,2022-07-10,S
2811,41.026.210/8308-32,Casa das Peças Prime LTDA,Retífica de motores,Manaus,AM,Barra,2024-07-25,S
2812,15.311.892/3073-13,Rede Guará LTDA ME,Auto center,Porto Alegre,RS,Moema,2026-03-08,S
2813,04.238.768/0900-77,MECÂNICA POPULAR S/A,Auto center,Manaus,AM,Bela Vista,11/04/2022,S
2814,53991385413174,Comercial Popular S/A,Oficina mecânica,Belo Horizonte,MG,Asa Sul,2023-04-08,S
2815,33440258855108,Mecânica Turbo LTDA,Retífica de motores,Campinas,SP,Aldeota,2021-09-22,S
2816,31.599.646/0872-54,Mecânica Nobre S/A,Auto center,Salvador,BA,Higienópolis,2021-11-14,S
2817,68353247811016,Centro Automotivo Apex LTDA ME,Auto center,Fortaleza,CE,Meireles,2026-05-16,S
2818,15164919070445,Casa das Peças Garra ME,Rede de autopeças,Brasília,DF,Centro,2024-01-08,S
2819,19.017.484/2524-67,Mecânica Diamante EIRELI,Autopeças independente,Recife,PE,Pituba,01/01/2024,S
2820,90875358983243,Peças e Serviços Estrada ME,Oficina mecânica,Manaus,AM,Vila Madalena,28/10/2022,S
2821, 43232469355169 ,Auto Elétrica Ouro LTDA ME,Funilaria e pintura,Salvador,BA,Boa Viagem,2021-11-20,S
2822,39718884271696,Mecânica Rodovia S/A,Oficina mecânica,Porto Alegre,RS,Boa Viagem,2022-11-24,S
2823,34.769.645/4406-68,Auto Peças Speed LTDA ME,Concessionária,São Paulo,SP,Centro,2025-04-10,S
2824, 01187213983020 ,Importadora Brasil EIRELI,Rede de autopeças,Brasília,DF,Boa Viagem,04/07/2024,S
2825, 61601861913640 ,Comercial Vitória S/A,Autopeças independente,Brasília,DF,Jardins,2022-05-09,S
2826, 73503188497416 ,Casa das Peças Ouro ME,Oficina mecânica,Fortaleza,CE,Barra,2026-02-22,S
2827,02352179211828,Importadora Real ME,Oficina mecânica,Campinas,SP,Centro,2024-09-29,S
2828,81.479.605/6233-09,Rede Speed S/A,Auto center,Campinas,SP,Asa Sul,2023-03-28,S
2829, 64582954637333 ,Comercial Ultra LTDA ME,E-commerce de peças,Campinas,SP,Batel,2024-09-08,S
2830,25301281940011,Retífica Motor S/A,Concessionária,Campinas,SP,Pituba,2023-11-28,S
2831,14656637070437,Distribuidora Nova Era LTDA,Auto center,Porto Alegre,RS,Ipanema,30/07/2023,S
2832,54622284766009,Auto Peças Speed ME,Autopeças independente,Salvador,BA,Barra,2021-12-09,S
2833,51418594004896,Auto Parts Master EIRELI,E-commerce de peças,Rio de Janeiro,RJ,Asa Sul,2022-10-16,S
2834,69775561234001,Retífica Paulista LTDA,Autopeças independente,Salvador,BA,Pituba,2026-05-21,S
2835,42012172209434,Retífica Diamante S/A,Concessionária,Goiânia,GO,Ipanema,2026-02-13,S
2836,87341372307357,Rede do Sul S/A,Rede de autopeças,Manaus,AM,Asa Sul,2024-02-11,S
2837,95352585355995,COMÉRCIO DE PEÇAS ANHANGUERA LTDA ME,Retífica de motores,Brasília,DF,Setor Bueno,2023-12-31,S
2838,24.308.848/6064-14,Rede Marajó S/A,Oficina mecânica,Fortaleza,CE,Pinheiros,2022-12-27,S
2839,75790155088063,Auto Peças Ultra EIRELI,E-commerce de peças,Curitiba,PR,Cambuí,2021-06-16,S
2840,29.653.704/7680-98,Auto Peças Motor EIRELI,Rede de autopeças,Campinas,SP,Savassi,2022-09-07,S
2841,44027554701429,Centro Automotivo Veloz ME,Funilaria e pintura,Curitiba,PR,Barra,2026-06-07,S
2842,11045498046065,Casa das Peças Onix LTDA ME,Funilaria e pintura,Belo Horizonte,MG,Vila Madalena,2023-08-14,S
2843,49166055773904,Distribuidora Roda Livre ME,E-commerce de peças,Curitiba,PR,Meireles,2022-08-29,S
2844,31210811038773,Loja Bandeirante S/A,Auto center,Campinas,SP,Bela Vista,2024-10-05,S
2845,68706668843316,Centro Automotivo Nacional LTDA,Funilaria e pintura,Goiânia,GO,Pituba,2026-03-10,S
2846,90.140.543/9346-98,Peças e Serviços do Sul ME,Funilaria e pintura,Porto Alegre,RS,Meireles,2021-09-30,S
2847,58015358496200,PEÇAS E SERVIÇOS BRASIL LTDA,Autopeças independente,Belo Horizonte,MG,Batel,2025-04-19,S
2848,60.173.855/5550-51,Retífica Econômica ME,Rede de autopeças,Brasília,DF,Vila Madalena,22/12/2025,S
2849,36.770.411/0800-26,Peças e Serviços Motor LTDA ME,Funilaria e pintura,Porto Alegre,RS,Bela Vista,2023-02-15,S
2850,42527531779105,Mecânica Ultra LTDA ME,Oficina mecânica,Recife,PE,Meireles,2023-05-18,S
2851,34.889.190/0002-42,Distribuidora Veloz LTDA ME,Retífica de motores,Porto Alegre,RS,Centro,2024-07-18,S
2852,25.957.874/4112-84,Casa das Peças Ipê LTDA ME,Retífica de motores,Recife,PE,Batel,2021-11-10,N
2853,94047891367161,Distribuidora Paulista S/A,E-commerce de peças,Manaus,AM,Moema,2022-04-30,S
2854,38279414550973,Auto Elétrica Turbo S/A,Auto center,Recife,PE,Asa Sul,18/10/2024,S
2855,85270497344463,Comercial Titan LTDA ME,Auto center,Goiânia,GO,Savassi,2023-01-07,S
2856,01522181595881,Comércio de Peças Marajó S/A,Rede de autopeças,Rio de Janeiro,RJ,Boa Viagem,2026-03-29,S
2857,51139522549457,Mecânica Speed LTDA,Rede de autopeças,Curitiba,PR,Moema,2025-12-25,S
2858,32470730814142,Comercial Marajó EIRELI,Auto center,Campinas,SP,Ipanema,2023-06-03,S
2859,73301654876578,Retífica Marajó LTDA,Oficina mecânica,Rio de Janeiro,RJ,Ipanema,2024-02-29,S
2860,17286421360171,Comércio de Peças Estrada S/A,Concessionária,Campinas,SP,Setor Bueno,2022-12-19,S
2861, 96516441805400 ,Auto Elétrica Prime S/A,Funilaria e pintura,Rio de Janeiro,RJ,Boa Viagem,2021-10-05,N
2862,96199097989659,Comércio de Peças Popular LTDA ME,Auto center,Fortaleza,CE,Moema,2024-12-17,S
2863,91671656709866,Distribuidora Bosch Car S/A,Oficina mecânica,Porto Alegre,RS,Meireles,28/11/2021,S
2864,28579401541506,Centro Automotivo Master S/A,Oficina mecânica,Salvador,BA,Moema,2021-10-14,S
2865,78.734.808/5149-66,Comércio de Peças Vitória S/A,Retífica de motores,Campinas,SP,Centro,2022-02-17,S
2866,34268396995713,Auto Elétrica Líder S/A,Autopeças independente,Rio de Janeiro,RJ,Ipanema,2022-09-09,N
2867,24.023.878/9303-81,Peças e Serviços Diamante LTDA,Rede de autopeças,Belo Horizonte,MG,Boa Viagem,2023-01-05,S
2868,29.225.953/7621-09,Auto Elétrica Estrada ME,Funilaria e pintura,Recife,PE,Batel,2021-08-03,S
2869,66754905973037,Importadora Líder LTDA,Auto center,São Paulo,SP,Bela Vista,2022-11-09,S
2870,68294817049672,Comércio de Peças Potência LTDA,Auto center,Manaus,AM,Moema,2021-05-25,S
2871,79800472028882,Importadora Roda Livre LTDA ME,Auto center,Curitiba,PR,Moema,2023-06-22,S
2872,42.443.102/9932-10,Auto Peças Potência LTDA,Auto center,Belo Horizonte,MG,Boa Viagem,20/06/2023,S
2873,42.709.831/8180-34,Auto Elétrica Nobre S/A,Retífica de motores,Salvador,BA,Jardins,2025-12-12,S
2874,45.082.759/8685-81,Casa das Peças Rodovia LTDA ME,E-commerce de peças,Manaus,AM,Batel,2021-11-26,S
2875,86425046471742,IMPORTADORA MOTOR LTDA ME,E-commerce de peças,Belo Horizonte,MG,Batel,2022-07-02,S
2876,11601241811607,Auto Peças Nova Era S/A,Autopeças independente,São Paulo,SP,Boa Viagem,2024-12-13,S
2877,16847202063141,Importadora Garra ME,Concessionária,Belo Horizonte,MG,Ipanema,2024-06-22,S
2878,05686429617247,Retífica Titan S/A,Funilaria e pintura,Porto Alegre,RS,Jardins,2023-11-25,S
2879,44.620.374/4571-99,Importadora Ultra ME,Auto center,São Paulo,SP,Moema,2024-03-29,S
2880,14.078.136/6492-90,MECÂNICA ONIX ME,Funilaria e pintura,Rio de Janeiro,RJ,Barra,2026-02-13,S
2881,47064922257164,Loja Ipê EIRELI,E-commerce de peças,Belo Horizonte,MG,Asa Sul,2024-05-23,S
2882,45.646.639/7180-12,Auto Elétrica Rodovia EIRELI,Funilaria e pintura,Curitiba,PR,Pituba,2024-06-02,S
2883,75675646676674,Distribuidora Nobre LTDA,Funilaria e pintura,Goiânia,GO,Asa Sul,2021-06-12,S
2884, 24221645324421 ,Auto Parts Rodovia S/A,Autopeças independente,Curitiba,PR,Cambuí,2022-12-14,S
2885,05819836514690,CASA DAS PEÇAS PRIME LTDA ME,Retífica de motores,São Paulo,SP,Meireles,2022-11-11,S
2886,00.578.341/0807-50,Peças e Serviços Max LTDA,Oficina mecânica,Goiânia,GO,Vila Madalena,2025-04-05,S
2887,29.422.085/9503-12,Centro Automotivo Ultra EIRELI,Oficina mecânica,São Paulo,SP,Boa Viagem,2024-02-16,S
2888,97166553601811,Centro Automotivo Onix LTDA,Funilaria e pintura,Rio de Janeiro,RJ,Batel,2022-01-12,S
2889,83614491792165,Casa das Peças Diamante EIRELI,Retífica de motores,Curitiba,PR,Vila Madalena,2024-04-04,S
2890,61173702153845,Centro Automotivo Diamante S/A,Oficina mecânica,Belo Horizonte,MG,Aldeota,2024-06-08,S
2891,12.131.243/4666-29,Casa das Peças do Sul EIRELI,Rede de autopeças,Curitiba,PR,Asa Sul,2024-01-18,S
2892,06014612058498,Auto Peças Nova Era S/A,Auto center,Porto Alegre,RS,Jardins,2023-02-03,N
2893,81.335.333/6941-75,Auto Peças Potência LTDA ME,Autopeças independente,Porto Alegre,RS,Batel,18/01/2024,S
2894,48386861235879,Auto Center Veloz LTDA,Autopeças independente,Salvador,BA,Jardins,28/08/2024,S
2895,94856366673139,Auto Elétrica Paulista S/A,Rede de autopeças,Belo Horizonte,MG,Cambuí,27/05/2022,S
2896,11214359393942,Retífica Líder LTDA,Concessionária,São Paulo,SP,Vila Madalena,2022-03-05,S
2897,60402874477064,Importadora Líder ME,Oficina mecânica,Goiânia,GO,Batel,2025-05-04,S
2898,42.350.688/4393-93,Comercial Fênix ME,Rede de autopeças,Manaus,AM,Savassi,2025-01-27,S
2899,47.874.545/6031-86,Auto Center Pista ME,Rede de autopeças,Goiânia,GO,Setor Bueno,04/11/2021,S
2900, 29645482771959 ,Casa das Peças Speed EIRELI,Retífica de motores,Rio de Janeiro,RJ,Barra,20/03/2024,S
2901,77291188440147,DISTRIBUIDORA DO SUL LTDA ME,Funilaria e pintura,Porto Alegre,RS,Batel,2024-08-29,S
2902,28442718045591,Retífica Garra LTDA,Oficina mecânica,Brasília,DF,Pituba,2023-09-08,S
2903, 47563651837047 ,Importadora do Sul ME,Funilaria e pintura,Campinas,SP,Pinheiros,2024-06-07,S
2904,12035813979519,Peças e Serviços do Sul EIRELI,E-commerce de peças,Belo Horizonte,MG,Ipanema,2022-03-31,S
2905,23591998855229,Loja Cruzeiro EIRELI,Auto center,Fortaleza,CE,Higienópolis,2023-10-18,S
2906,55422054872912,Peças e Serviços Fortaleza ME,Rede de autopeças,Brasília,DF,Barra,2021-11-04,S
2907,63.230.017/1955-76,Auto Parts União ME,Retífica de motores,Campinas,SP,Ipanema,2025-09-19,S
2908,74863747030366,Retífica Popular ME,Rede de autopeças,Campinas,SP,Bela Vista,2023-04-22,S
2909,75.840.531/8865-85,Peças e Serviços Ouro LTDA ME,Auto center,Rio de Janeiro,RJ,Asa Sul,2026-02-09,S
2910,03410588287035,Centro Automotivo Diamante LTDA ME,E-commerce de peças,São Paulo,SP,Centro,2024-03-04,S
2911,97064407125346,Auto Peças Garra LTDA,Oficina mecânica,São Paulo,SP,Aldeota,2025-08-03,S
2912,20.158.113/0839-53,Comercial Marajó EIRELI,Oficina mecânica,Campinas,SP,Batel,2025-11-19,S
2913,45.089.607/1376-67,Comercial Master LTDA ME,Autopeças independente,Curitiba,PR,Cambuí,2024-08-08,S
2914,64051183284014,Auto Center Max S/A,Autopeças independente,São Paulo,SP,Meireles,2026-05-29,S
2915,73246155224113,Auto Peças Marajó S/A,Retífica de motores,Rio de Janeiro,RJ,Pinheiros,2026-03-20,S
2916,35273839688560,Auto Center Cruzeiro S/A,E-commerce de peças,Manaus,AM,Asa Sul,2022-05-17,S
2917,31957996591239,REDE VITÓRIA LTDA,E-commerce de peças,Goiânia,GO,Higienópolis,2023-04-03,S
2918,84490230771465,Centro Automotivo Onix LTDA,Concessionária,Fortaleza,CE,Moema,2024-06-29,S
2919,69.108.189/8137-80,Auto Peças Nobre EIRELI,Auto center,Fortaleza,CE,Asa Sul,2025-06-19,S
2920,25.672.119/5110-94,Retífica Max S/A,Concessionária,Curitiba,PR,Batel,2022-08-22,N
2921,51462000888876,Auto Parts Cruzeiro LTDA ME,Retífica de motores,Salvador,BA,Boa Viagem,2022-12-30,S
2922,55693149354881,Auto Center Prime LTDA ME,Auto center,Brasília,DF,Moema,2024-06-02,S
2923, 03777311025375 ,Comercial Bosch Car LTDA,Oficina mecânica,Goiânia,GO,Asa Sul,2025-08-05,N
2924,74672397988118,Auto Center Real EIRELI,Auto center,São Paulo,SP,Ipanema,2024-10-19,S
2925,70.425.377/6967-32,Auto Parts Rodovia LTDA ME,Rede de autopeças,Brasília,DF,Boa Viagem,2022-07-30,S
2926,37.238.057/1216-62,Rede Apex ME,Rede de autopeças,Fortaleza,CE,Asa Sul,2022-07-07,S
2927,04268544606889,CASA DAS PEÇAS TITAN S/A,Funilaria e pintura,Goiânia,GO,Barra,23/10/2022,S
2928,44.217.953/4856-45,Retífica Potência LTDA,Rede de autopeças,São Paulo,SP,Setor Bueno,04/08/2024,S
2929,41631664170003,Peças e Serviços Fênix EIRELI,Autopeças independente,Campinas,SP,Savassi,11/06/2023,S
2930,66.058.085/6902-89,Distribuidora Turbo S/A,Autopeças independente,São Paulo,SP,Batel,2024-02-16,S
2931,75308772269667,Peças e Serviços Aurora LTDA,Oficina mecânica,São Paulo,SP,Cambuí,2023-05-28,S
2932,85.854.914/6516-79,Loja Turbo S/A,Concessionária,São Paulo,SP,Cambuí,2023-09-22,S
2933,71867096837201,Centro Automotivo Garra LTDA,Oficina mecânica,Rio de Janeiro,RJ,Batel,2022-03-21,S
2934,19.634.813/0043-62,Comércio de Peças Brasil EIRELI,Rede de autopeças,Brasília,DF,Barra,2022-08-02,N
2935,18762404661010,Auto Parts Max S/A,Retífica de motores,Brasília,DF,Pinheiros,2022-03-26,S
2936,32.986.536/6145-01,Casa das Peças Guará LTDA ME,Oficina mecânica,Goiânia,GO,Meireles,2026-01-05,S
2937,25142618912415,Auto Peças Popular LTDA ME,Funilaria e pintura,Rio de Janeiro,RJ,Jardins,22/11/2024,S
2938,32.897.957/3775-64,Centro Automotivo Ouro LTDA,E-commerce de peças,São Paulo,SP,Cambuí,2026-04-28,S
2939,03.764.941/3309-84,Importadora Motor EIRELI,Concessionária,Porto Alegre,RS,Asa Sul,2022-11-17,S
2940,85.141.363/2558-61,Loja Anhanguera LTDA ME,Funilaria e pintura,Belo Horizonte,MG,Barra,14/03/2025,S
2941,37236790821352,Comercial Marajó S/A,Retífica de motores,Rio de Janeiro,RJ,Higienópolis,2024-12-30,S
2942,08.799.333/0913-89,PEÇAS E SERVIÇOS FÊNIX LTDA,Rede de autopeças,Manaus,AM,Bela Vista,2024-03-17,S
2943,68181433586283,Mecânica Ultra S/A,Autopeças independente,Goiânia,GO,Aldeota,2022-08-07,S
2944,68.076.879/0244-64,Mecânica do Sul LTDA ME,Oficina mecânica,Goiânia,GO,Asa Sul,2025-03-24,N
2945,92702907542248,Auto Parts do Sul LTDA ME,Retífica de motores,Manaus,AM,Higienópolis,2021-05-27,S
2946,63.915.965/8668-14,Auto Elétrica Rota EIRELI,E-commerce de peças,Curitiba,PR,Cambuí,14/05/2024,S
2947,93263345708117,Casa das Peças Bandeirante EIRELI,Rede de autopeças,Fortaleza,CE,Vila Madalena,2022-08-28,S
2948,49089571070611,Casa das Peças Veloz EIRELI,Concessionária,Brasília,DF,Vila Madalena,2023-03-26,N
2949,85.522.950/9443-60,Auto Peças Fênix LTDA,E-commerce de peças,Salvador,BA,Pituba,24/02/2023,S
2950,57682636900897,Casa das Peças Nobre EIRELI,Autopeças independente,Fortaleza,CE,Jardins,2023-05-11,S
2951, 67433409705550 ,CASA DAS PEÇAS CENTRAL EIRELI,Funilaria e pintura,Porto Alegre,RS,Barra,2024-01-20,S
2952,27496318853402,Distribuidora Potência S/A,Autopeças independente,Fortaleza,CE,Batel,2022-06-23,S
2953,31078577884620,Retífica Central LTDA,Concessionária,Belo Horizonte,MG,Pinheiros,2022-08-02,S
2954,72634018814977,Auto Parts Econômica EIRELI,Concessionária,Belo Horizonte,MG,Savassi,2024-11-16,S
2955,94828827634394,Rede Central LTDA ME,Retífica de motores,Rio de Janeiro,RJ,Meireles,2025-12-02,S
2956,73745714727479,Auto Elétrica União ME,Autopeças independente,Porto Alegre,RS,Vila Madalena,29/06/2026,S
2957,21.554.237/3997-70,Peças e Serviços Speed S/A,E-commerce de peças,Rio de Janeiro,RJ,Vila Madalena,24/02/2023,S
2958,43235906328775,Auto Elétrica Nacional EIRELI,E-commerce de peças,Recife,PE,Centro,2022-10-08,S
2959,99798857601966,Centro Automotivo Ipê ME,Funilaria e pintura,Campinas,SP,Higienópolis,2022-06-25,S
2960,60.798.909/7892-07,Casa das Peças Paulista S/A,Funilaria e pintura,Curitiba,PR,Centro,2021-06-09,S
2961,62408319526467,Mecânica Vitória ME,Oficina mecânica,Curitiba,PR,Cambuí,2023-01-25,N
2962,67884880595474,Loja Aurora ME,Concessionária,Porto Alegre,RS,Savassi,2025-01-09,S
2963,43.880.137/2492-88,Auto Elétrica Nacional EIRELI,Rede de autopeças,Belo Horizonte,MG,Bela Vista,2023-01-04,S
2964,37512207215980,Retífica Titan EIRELI,Concessionária,Salvador,BA,Jardins,2022-10-27,S
2965,13.378.006/8409-64,Auto Peças Motor EIRELI,Funilaria e pintura,Campinas,SP,Aldeota,2023-11-03,S
2966,20082244913061,Loja Ouro LTDA,Oficina mecânica,Curitiba,PR,Meireles,2024-09-01,S
2967,64151182224132,Casa das Peças Diamante ME,Retífica de motores,São Paulo,SP,Boa Viagem,2021-06-08,S
2968,39.928.581/4273-50,Importadora Guará LTDA,Retífica de motores,Rio de Janeiro,RJ,Moema,03/06/2025,S
2969,53210597842814,Retífica Fênix S/A,Retífica de motores,Goiânia,GO,Savassi,2023-04-15,S
2970,79817630191154,Distribuidora Guará LTDA,Rede de autopeças,Goiânia,GO,Setor Bueno,2023-07-01,S
2971,48.820.645/6200-98,REDE TITAN EIRELI,Auto center,São Paulo,SP,Meireles,2023-08-13,S
2972,52.056.567/9167-12,Rede Brasil LTDA,E-commerce de peças,Belo Horizonte,MG,Ipanema,2022-01-25,S
2973,25332497073068,Auto Peças Guará LTDA,Auto center,Fortaleza,CE,Jardins,2022-04-14,S
2974,28.540.402/6166-84,Importadora Roda Livre ME,Retífica de motores,Belo Horizonte,MG,Higienópolis,2022-11-17,S
2975,90604598278147,Distribuidora Econômica LTDA ME,Rede de autopeças,Rio de Janeiro,RJ,Pituba,2024-06-21,S
2976, 26981533453384 ,Peças e Serviços Rodovia LTDA ME,Concessionária,Rio de Janeiro,RJ,Meireles,2026-06-15,S
2977,20852056459803,Auto Peças Brasil LTDA ME,Oficina mecânica,São Paulo,SP,Ipanema,2023-03-23,N
2978,43950444920954,Auto Elétrica Rodovia ME,Retífica de motores,Fortaleza,CE,Savassi,2022-11-16,S
2979,94.944.228/3299-58,Distribuidora Ultra S/A,E-commerce de peças,Manaus,AM,Vila Madalena,2022-02-04,S
2980,49550947864163,Centro Automotivo Popular LTDA,Concessionária,São Paulo,SP,Cambuí,2021-08-10,S
2981,25121189462311,PEÇAS E SERVIÇOS UNIÃO LTDA ME,Rede de autopeças,Goiânia,GO,Vila Madalena,2022-03-28,S
2982,04.335.901/5640-75,Comercial do Sul LTDA ME,E-commerce de peças,São Paulo,SP,Aldeota,2022-10-28,S
2983,92839625774161,PEÇAS E SERVIÇOS MARAJÓ EIRELI,Oficina mecânica,Salvador,BA,Pinheiros,18/04/2022,S
2984,33655861711069,Loja Titan S/A,Rede de autopeças,Recife,PE,Boa Viagem,2022-05-18,S
2985,62.344.369/2851-56,Mecânica Marajó EIRELI,Funilaria e pintura,Goiânia,GO,Setor Bueno,2023-08-18,N
2986,33360107867605,Distribuidora Ipê EIRELI,Oficina mecânica,Manaus,AM,Savassi,2023-06-20,S
2987,54.980.618/4648-76,Loja Turbo EIRELI,Oficina mecânica,Manaus,AM,Centro,2024-08-20,S
2988,32428662271921,Retífica Nacional LTDA ME,Oficina mecânica,Recife,PE,Jardins,2025-10-02,S
2989, 07277236576147 ,Mecânica Pista LTDA ME,Auto center,Campinas,SP,Boa Viagem,2022-03-31,S
2990,23494572449176,Auto Parts Apex EIRELI,Concessionária,Rio de Janeiro,RJ,Moema,2023-02-25,N
2991, 57818338070331 ,Rede do Sul EIRELI,Rede de autopeças,Goiânia,GO,Barra,2022-09-14,S
2992,08519838606962,Importadora Bosch Car LTDA,Oficina mecânica,Campinas,SP,Meireles,2022-12-12,N
2993,97.586.380/4044-16,Auto Peças Fortaleza LTDA ME,Retífica de motores,Brasília,DF,Setor Bueno,2024-04-02,S
2994,96104808805749,Peças e Serviços Estrada EIRELI,Auto center,Curitiba,PR,Jardins,2021-09-27,S
2995, 38713899279354 ,Comercial Prime LTDA,Oficina mecânica,Goiânia,GO,Aldeota,2023-03-13,S
2996,01995261457824,Retífica Nova Era LTDA ME,Rede de autopeças,Curitiba,PR,Ipanema,2022-08-10,S
2997,16379963173338,Importadora Ultra EIRELI,Funilaria e pintura,Brasília,DF,Jardins,2022-09-11,S
2998,03431629235621,Auto Peças Líder LTDA ME,Funilaria e pintura,Salvador,BA,Boa Viagem,2023-05-02,N
2999,74.921.386/0682-89,Auto Parts Bosch Car EIRELI,Auto center,Salvador,BA,Setor Bueno,2022-02-21,S
3000,31076907009608,Comercial Real EIRELI,E-commerce de peças,Salvador,BA,Barra,2021-06-14,S
3001,39.176.707/0022-79,COMERCIAL GARRA ME,E-commerce de peças,Goiânia,GO,Setor Bueno,2022-04-17,S
3002,03216580872670,LOJA SPEED S/A,Retífica de motores,Rio de Janeiro,RJ,Jardins,2022-10-23,S
3003,24702881411287,AUTO ELÉTRICA UNIÃO S/A,Auto center,São Paulo,SP,Vila Madalena,2022-12-29,S
3004,46144092335174,AUTO PARTS MASTER LTDA ME,Rede de autopeças,Porto Alegre,RS,Savassi,2022-06-15,S
3005,30316179904210,AUTO PARTS NOVA ERA S/A,Concessionária,Recife,PE,Asa Sul,2023-11-25,S
3006,48570862095935,CASA DAS PEÇAS BRASIL LTDA ME,Rede de autopeças,Porto Alegre,RS,Batel,2024-04-25,S
3007,42102053950240,AUTO PEÇAS AURORA LTDA ME,Retífica de motores,Brasília,DF,Ipanema,2023-12-17,S
3008,55460158517432,REDE POTÊNCIA LTDA,Funilaria e pintura,Brasília,DF,Ipanema,2025-09-29,S
3009,29806990162720,AUTO CENTER CRUZEIRO EIRELI,Funilaria e pintura,Fortaleza,CE,Pinheiros,2023-03-19,S
3010,60.049.021/4441-55,REDE IPÊ S/A,Funilaria e pintura,Goiânia,GO,Vila Madalena,2022-04-19,S
3011,54.758.783/7105-39,DISTRIBUIDORA ANHANGUERA LTDA ME,Autopeças independente,Recife,PE,Cambuí,2023-11-14,S
3012,52.346.151/2167-60,PEÇAS E SERVIÇOS REAL LTDA,Rede de autopeças,Brasília,DF,Vila Madalena,2021-09-26,S
3013,65086569963874,COMÉRCIO DE PEÇAS PRIME EIRELI,Auto center,Campinas,SP,Cambuí,2023-01-10,S
3014,67207591445661,RETÍFICA POTÊNCIA LTDA,Auto center,Brasília,DF,Cambuí,2022-05-20,S
3015,53205285155013,AUTO PEÇAS PISTA S/A,Retífica de motores,Salvador,BA,Ipanema,2025-12-24,S
3016,52.197.064/0641-23,LOJA BOSCH CAR EIRELI,Autopeças independente,Curitiba,PR,Bela Vista,2024-03-29,S
3017,84578317456424,RETÍFICA APEX S/A,Oficina mecânica,Campinas,SP,Pituba,2025-01-18,S
3018,56222190533470,RETÍFICA TITAN S/A,Auto center,Belo Horizonte,MG,Cambuí,2023-03-22,S
3019,43.880.137/2492-88,COMÉRCIO DE PEÇAS NOVA ERA EIRELI,Rede de autopeças,Belo Horizonte,MG,Bela Vista,2023-01-04,S
3020,23634110485786,PEÇAS E SERVIÇOS AURORA EIRELI,Retífica de motores,Fortaleza,CE,Boa Viagem,2022-02-24,S
3021,16.248.607/0472-66,LOJA BRASIL EIRELI,Retífica de motores,Recife,PE,Ipanema,2025-08-28,S
3022,24.469.845/9890-90,PEÇAS E SERVIÇOS TITAN LTDA ME,Autopeças independente,Campinas,SP,Jardins,2022-07-17,S
3023,64.966.681/1822-92,RETÍFICA POTÊNCIA S/A,Concessionária,Goiânia,GO,Boa Viagem,2023-04-23,S
3024,44.102.387/3518-66,MECÂNICA NOBRE LTDA,Auto center,Goiânia,GO,Meireles,2022-12-06,S
3025,94689633181233,COMÉRCIO DE PEÇAS SPEED LTDA,Rede de autopeças,Curitiba,PR,Barra,2022-08-04,S
3026,30932998199605,PEÇAS E SERVIÇOS MARAJÓ EIRELI,Auto center,Recife,PE,Pinheiros,2026-06-03,S
3027,60.075.504/0841-38,RETÍFICA GUARÁ LTDA ME,Autopeças independente,Curitiba,PR,Batel,2023-05-17,S
3028,33920567756777,DISTRIBUIDORA NACIONAL EIRELI,Rede de autopeças,Manaus,AM,Batel,2025-09-30,S
3029,39.653.136/1487-82,MECÂNICA POPULAR S/A,Oficina mecânica,São Paulo,SP,Asa Sul,2023-03-08,S
3030,50.745.093/3280-99,AUTO PEÇAS AURORA ME,E-commerce de peças,Curitiba,PR,Centro,2025-05-30,S
3031,49.603.342/9950-86,CASA DAS PEÇAS POTÊNCIA LTDA ME,Rede de autopeças,Brasília,DF,Moema,2025-02-05,S
3032,05.149.618/0686-28,COMÉRCIO DE PEÇAS POPULAR EIRELI,Auto center,Rio de Janeiro,RJ,Asa Sul,2021-08-04,S
3033,16.658.136/6222-08,RETÍFICA MAX ME,Autopeças independente,Manaus,AM,Ipanema,2022-07-24,S
3034,25.723.230/0708-61,RETÍFICA PRIME LTDA ME,E-commerce de peças,Manaus,AM,Setor Bueno,2021-07-18,S
3035,85324148426898,PEÇAS E SERVIÇOS RODA LIVRE LTDA ME,Auto center,Recife,PE,Setor Bueno,2021-08-01,S
3036,09112252883750,COMERCIAL MASTER LTDA ME,Rede de autopeças,Manaus,AM,Meireles,2022-10-06,S
3037,60.173.855/5550-51,AUTO CENTER UNIÃO ME,Rede de autopeças,Brasília,DF,Vila Madalena,2025-12-22,S
3038,02567021782959,MECÂNICA NOBRE LTDA,Retífica de motores,Salvador,BA,Aldeota,2021-07-22,S
3039,82912789885249,COMÉRCIO DE PEÇAS ANHANGUERA EIRELI,Autopeças independente,Rio de Janeiro,RJ,Ipanema,2025-10-20,S
3040,02.419.827/2449-52,AUTO PEÇAS CENTRAL S/A,Retífica de motores,Rio de Janeiro,RJ,Moema,2024-06-17,S
